Nome,Numero
ADILSONCORREIABARRELA,16992541934
JOSEBARBOSAFILHO,13996463795
SEGEFREDOLUIZFERRARI,27993120262
JOSEALOIZIOSANTANAANDRADE,9137641172
PAULOFRANCISCORIBEIRO,17999784940
MARCOSROGERIOLOPESSALES,17981133999
THAISMARADOSSANTOSGARCIA,6699561129
CLEYTONDOURADO,98982684503
IZAIASALVESVELOSO,16988573491
JEFERSONCARLOSPELISSARI,19982059693
MARCELOPAGANUCI,14996017178
JOSEDONIZETTIREGINATO,3599833
M.I.GPONTESFERRAGENSLTDA,16981182089
GERSONMENEZESPEREIRA,53999753912
CHAVEDEOUROSOLUCOESLTDA,47991420994
FRANCISCOCOSTADOSSANTOS,92992532602
ALCIDESR.BORGES,86994091115
CRISTIANEGONCALVESDEMATOS,65996182163
EVERALDODOSSANTOSDUARTE,71991252402
EDINELSONAMARALRIBEIRO,92981237682
ANALUMARQUESTAKAMIYA,16981176600
MARJOVCOMERCIODEROUPASECALCADOSLTDA,3537392750
MARCIOROBERTOCARDOSODEMORAES,13982128704
MARIOMATSUHASHI,16993812459
NILTONCARLOSDASILVA,32999052866
HALLEYSIMOESSERODIO,9335321130
MARCOSREINALDOOLIVEIRADIAS,2898826878
ATILIOROBERTOBELETATE,16982361814
AGNALDORAMOSPEREIRA,75988772387
JOAOBIAPINODECASTRO,38999519260
PATRICIADEPAULATRANI,19997052699
JOSEWELLINSONDASILVASOUSA,93991823697
LUCIANOANTONIOZANIN,49991253870
MARCIANOLOPESDOSSANTOS,16988011753
ANTONIODONIZETIBONDEZAN,16997266979
JENNIFERCABRALLAYTYNHER,73982294601
MARLENEAPARECIDADESOUZAREISCHAVEIRO,16991480731
DAIANEDOSSANTOSNARCISO,13991523121
RICARDOSILVEIRADOSSANTOS,51999496599
CARLOSANDREALVESDINIZ,24992760458
VOLMIRFERREIRADESOUZA,999571457
JOSEJULIOQUEIROZCHAVES,69992296871
FRANCISCOGONCALVESDASILVA,16988074603
ADRIANOPINTO,91983978232
JOAOLUIZDONASCIMENTO,2488143458
ANGELOJACOBSIMON,51992735210
GILSONDASILVACAMPOS,87988248370
LUCIOMANOELDECARVALHO,16997734262
CARLUCISCHEFFERMUNIZ,5499622366
SALVIOGUIMARAES,32991414465
CLOVISDEMELOLIMA,87999540374
SIDNEICARDOSONOVAES,7791070159
LEONARDOFDOSREISCOMERCIOESERVICOSDECHAVEIRO,24981151065
CLAUDEMIRNOGUEIRAFREITAS,9335182470
FRANCISCODASCHAGASBATISTADASILVA,8688137202
EDSONCORREIADOSSANTOS,14988101318
GLEYRISTONCOSMESANTOS,83988400825
WANESSASANTOSLIMA,95991120733
ROBSONPEREIRAALVES,3591952119
ROMULOJOSENOBRESILVA,38999812284
FERNANDOJOSEDESOUZA,69992627885
RAPHAELHENRIQUEPRESSENDORODRIGUES,16996241088
RAPHAELAVILAOLIVEIRA,3888017842
CASADECHAVESMATOGROSSOLTDAME,67999811736
ANAPAULAROSADEFARIA,63992374224
CRIMERIOARAUJOGALVAO-,7799930207
FRANCISCOSERGIODEOLIVEIRANOGUEIRA,9391194803
JOAOCLAUDIOCARCADO,14997326093
RONANCUNHADESOUSA,93991619177
MARCOASDASILVA,51993182259
MURILOSAMPAIODESOUZA,329842172
ADRIANOFUMEGALI,5499772139
ANDERSONFERNANDOGUIMARAESCAVALCANTI,81999863670
HINTONANDRADE,35999247696
LUISANDREDASILVA,82993089919
RHONDAMONITORAMENTOLTDA,47999294308
FLAVIANOARAUJODASILVA,87999211276
EDIVALDOALVESDESOUZA,94991518946
JOSEEDSONGOMESCARVALHO,87999349215
ELISANDROUISLEYRABELO,3599198377
MATHEUSFURTADORODRIGUES,32985082193
THIAGOFERNANDODECAMARGO,16991781120
REINALDOGARCIA&IRMAOLTDA,19992306043
RITADECASSIAALONSODOSSANTOS,19991857066
REGINACELIAMEZAVILADOSSANTOS,16999929243
PAULOCARNEIRODASILVA,16997171705
ODILONCARDOSODEMIRANDA,16992849260
JOSEAPARECIDOSATILIO,16996190002
LUCIANODOMINGOS,35998420205
RAFAELJOSEALVES,16992674748
JULIOCESARDOMINGOSDEQUEIROZ,61984290321
ISAACROGERIODEMARQUI,16992916570
ANTONIOSOARESDASILVA,63992187306
CHAVEIROAUTOCASALTDA,47984054123
JAILSONDASILVACHAVEIRO,14981446829
RENATOZIEMBAVERA,18997725076
RICARDOALVESDECARVALHO,99992283468
FRANCISCADOSSANTOSPIMENTEL,91991894456
PAULINOCOPIADORALTDAME,3587226788
GILBERTOPIMENTEL,14997942450
VALDOMIROFERREIRALIMAJUNIOR,16981389127
JOAOBATISTADELIMA,32999346047
MARILENEALVESDOSSANTOS,19991069940
DENIZARTFIGUEIREDOFONSECA,35991081116
PEDROPAULOFERREIRADASILVA,35988053238
COMERCIODECHAVESEFECHADURASCIDINHAPAVANELLILTDA,16997046691
JOAOREUSDASILVA,5185223670
FERNANDOFELICIANODESOUZASILVA,81995274924
ANDRELUISBOZZO,14997058887
CARLOSALBERTOLEMOSMARTINS,51993253331
JOSEPAULOSIQUEIRA,67992518733
ALEXANDREJOSEDACUNHA,47984060666
WELLINGTONDESOUZASANTOS,37991145257
FECHAFORTECHAVESEFECHADURASLTDA,47988286219
ANTONIOLUISSANTOSBARBOSA,84988928636
CLAUDIOGUEDESDASILVA,14997015671
CHAVEIROESTACAOCATAGUASESLTDA,32999196682
WILSONFRANCISCODEARAUJO,18996973201
APARECIDOJESUSTOMBINI,14997728673
VALDIRFERREIRAOIADASILVA,14988089992
ELIASNOGUEIRADEANDRADE,18997832531
LUIZMARCELOGONZALESDEFIGUEIREDO,6784021891
ELIANESANTANADASILVAFERREIRA,18997011736
JOSEFLORIPESDOSSANTOS,35992235657
SERGIOXAVIERBARRETO,3588284681
JOSEVICENTEDEMORAIS,35999321300
CLAUDEMIRFLORIANO,14996521668
FABRICIOAPARECIDOMENEZES,1997409459
LOCKFERCOMERCIALDEFECHADURASLTDA,51999174744
JOAOCARLOSPINHEIRO&FILHOLTDA,5399722314
ISRAELDONIZETIARAUJO,13997842599
RUBENARAUJOSILVA,13997739839
CHAVEIROALPHATECNOLOGIAEMBARCADALTDA,13997842623
ANTONIOEMILIOESPERANCA,14981142186
GISLEINEA.M.RODRIGUESGUIOTTI,14997942376
COMERCIALCASANOVAITOBILTDA,19994171236
SALVADORBERTOLOTTI,19993165153
DONIZETEAPARECIDOROSA,19994154395
WLADIMIRDACONCEICAOCARNEIRO,19981633593
RICARDOMAXIMOPIRESDEMESQUITA,9935264307
W.V.PEREIRA,98987541096
ADEMIRVITORINODASILVA,16997086273
MARCOSJOELBRAGA,16997037032
MARCELOBARRETONETODOSSANTOS,73998164429
RENILDASCHENKELDASILVA,549912412
SEBASTIAOCORREA,67999623937
RUIBASILIO,67922784
GENIVALALFREDODOSSANTOS,81988499773
LINDOMARFERNANDESDEOLIVEIRA,61999466161
CHAVEIROVILANOVADESANTOSLTDA,13997217189
NEUSADEBARROSCHAVEIROS,13997856929
AILTONALVESDASILVA,13991186448
FRANCISCOJOSEMARINSEK,19997751758
CARMELOTADEUDEOLIVEIRA,1397906626
CHAVEIROMATIASLTDA,13982260774
EDISONGLADIMIRDIASBARCELOS,996472667
CHAVEIROVENTANIALTDA,19992966228
AMOGLIAESANTANNALTDA,65996609292
MARCELOARALDIMARCARI,16991497068
IVANETEVIANALEMOS,93991272488
VALDIRCOSTADASILVA,91985762345
ADRIANASOSOPENHA,61992031491
MARIACECILIAWILLIAMCURYARMARINHOSLTDA,11917901672
SERGIOMACEDOMATOS,69993646768
UBIRACYPRAZERESDASILVA,81999684805
DHEIMSA.ARAUJO,92994841214
LUCASFERNANADOPEREIRADEMELO,19996644114
ADILSONBATISTADOCARMO,14982074289
NELSONJOSEFERREIRA,38997337756
SIQUEIRA&SIQUEIRACHAVEIROLTDA,1597031578
ANTONIOCUSTODIO,63999762802
SESTSERVICOSOCIALDOTRANSPORTE,6133157000
MURILOJAIRROSAJULIO,5391515060
FERNANDOMENDESDEOLIVEIRA,6392321533
JOSECARLOSMARINHODASILVA,69993574673
ANDERSONDASILVAVIEIRA,11985241060
CLEITONROBERTOPRADO,47999914999
EDERSONCRISTINOBRAGA,18991001027
GABRIELRODRIGUESSOARESDEOLIVEIRA,16991203434
JOSEFERREIRA,4999970042
JOAOVITORCORDEIROBORGES,6692832862
JOASDOSSANTOSSILVA,74988735889
SILVAESOUZAMATERIAISPARACONSTRUCAOLTDA,11971758811
PAULOROCHADESOUZA,11952828001
FRANCISCONASCIMENTOLIMA,9299970996
JAQUELEGUTIERREZDESOUZA,6992144008
UBIRATANNORONHADELIMA,71999564421
NAKBRASILLTDA,6736681212
MARIAORILENENOGUEIRAGUALBERTO,93991272918
MARCELOAUGUSTOSCIARINI,14996195744
ANDRELUIZFRANCISCODASILVACHAVEIRO,24974026669
ADELIRLAZAROTTO&CIALTDA,49998149067
ALVAROLUCASALVARENGA,37999938037
D.A.FONSECA,9292879599
MARCIOSAPATAEMERENCIANO,17997935626
SILVIOSALATIELDASILVA,87999267723
PLANETAMIXCOMERCIALLTDA,119799936
INGREDRODRIGUESBARBOSADOSSANTOS,77998720533
CHAVEIROECARIMBOSBANDEIRABOITUVALTDA,15996792416
MARCELODEOLIVEIRASANTOS,9988124280
ALEXSANDROCARDOSODEJESUS,719879188
ROGERIOFERREIRADIAS,24981337813
ANDERSONDOSSANTOSLIMA,73981719098
ELISMAELCANTANHEDELOPES,99982736680
PEDROGOULARTRESENDE,16991744852
MIRIANARAUJOCANTOS,53984449199
JOSEDEARIMATHEASNASCIMENTODESOUZA,8599141020
BRUNOLIMADONASCIMENTO,81983527060
JUVENILLOPESDEALMEIDA,51998268066
BEATRIZSOARESDASILVA,92994056703
MOISESROCHADEALENCAR,98981636943
LUCIANACASTROHERNANDES,47997907779
LUCASSAMUELDEALMEIDASOUZA,75981574738
BRUNOFARIASSOUZA,91993787671
JOSELEANDRODASILVA,8293529884
SERRALHERIAKAROLLYNELTDA,9935240852
ALEXANDREBELARMINODESOUZASALVOESEGURO,8393074671
MARLUANASABRINADEALMEIDAANTONIOSTRAPAZZON,6984954734
LUCINEIVIEIRADASILVA,11959211889
FRANKLINARAUJOPEDROSA,86988057696
JOSESEBASTIAOLIMANOVAIS,77981123086
VALMORRIBEIRO,51980135681
ANSELMOMORAISALVES,719924130
ACRBATISTASERVICOSGRAFICOSLTDA,92991053398
EMERSONBARBOSADEMELO,3798683707
ROBERTOCARLOSLEMESDAROSA,67998382241
DENISONCHAGASVANDERLEI,8287408423
ANDREFELIPEPORT,47991570988
ERONIMARQUESDASILVEIRA,54981341126
JOSEGENIVALDEARANDAS,8781658875
ALEXSANDROGOMESPIMENTEL,71987937562
EFFESCHAVEIROECARIMBOLTDA,1533461998
RONALDOCESARDEMELLO,6493054802
EMERSONGARCIA,1597041832
WILLIANTRANCHESDEFARIAS,35991712479
JEOVANESANTOSDEOLIVEIRA,71999517345
JOSERAIMUNDOSILVADEMACEDO,75991543409
MARAIZAGREGORIODEPINHOLTDA,65999476242
KARENNDEBIASIZOMER,48991898948
DANILOHENRIQUEPEREIRASCHNETZLER,33952522847
SEBASTIAOPEREIRASOBRINHO,61996096241
GENIVALDOGONCALVESDIAS,67999983609
LUIZSERGIODEMOURADOSSANTOS,3399711178
CLAUDIAGOMESDEMEDEIROSSOUZA,87996076224
TARCISIOPAULINOSCHIAVETI,14998089047
ANDERSONNASCIMENTODAPALMA,75834225
SIDINEINUNESGONGALVES,5384067895
LUCASANDRADECOUTINHO,71996605340
ALDOOLIVEIRAFORTUNATO,93981276630
JOAOVICTORMAILASANTOS,1682289799
SARAMAYANEDASILVAPINHEIROLEHMKUHL,4792216013
BENEDITODONIZETINOGUEIRA,1693185679
SIDNEIVALERIOOLIVEIRADOSSANTOS,51998308416
LUIZFELIPECORNELIO,33984038109
GENIVALDOALVESDONASCIMENTO,8291533177
JONATHANBARBOSAGUEDESMELO,8294143182
WESLEYMENDONCADOSSANTOS,11942644546
EDNAFLAVIAROSOLEN,14988065663
FERNANDOFUHRMANNDOPRADO,2499115125
JHONISSONARAUJOBRITO,99984302281
ELETROMECANICABITENCOURTELTDA,47999852572
GILMASANTOSALVES,74981141824
MARCIAAPARECIDARIBEIROSANTANA,67992804305
MANUELABARTIRAFABIANO,1935891208
JOSERIVANIOALVESDOSSANTOS,83998280266
SENILDASCHENKELDASILVA,33721165
LUIZEDUARDOSANTOSCAVALCANTE,61992311199
MAXIMILIANOROGERSTAKAKUWADOVALE,16997082595
ADELSONLINARD,15997181048
JOSECARLOSDEPELLEGRIN,54999051683
ANTONIOALVORAVELDEMORAIS,8281665621
OSMAELCARDOSO,4797210882
KESIAAZEVEDORAMAO,9391287498
VALDECIRJOSEDOSSANTOS,16997822627
WANTUIRWILSONBARBOSA,3599564002
INACIORAUBER,4999909643
JOSEFLAVIOVALUZDASILVA,81996108360
ANTONIOCARLOSLOSS,2788868633
IVALDOREGIODESENAROCHA,9291152871
LUISFELIPEOLIVEIRADEQUADROS,51996089723
RAFAELSOARESJOAQUIM,519929146
LINDYANARAROSADEOLIVEIRA,6599412435
VALDEMIROGOMESDESA,7781098941
CLEISMARBATISTAPERES,6496134308
JONATHANESCALLERRODRIGUES,47969893
FRANCISCOLIRADEANDRADE,83988668749
MARCOSLOPESTERRAS,11989845122
CIRILOAGUIARDOSSANTOS,9498158136
DANIELLEPRUDENCIANODEOLIVEIRA,14991807103
ELIASMENDONCAGOMES,1597067366
HADEILTONDOMINGOSDEFARIAS,11912528839
WANDERSONFEITOSAALVES,6696473202
LUISJUNIORALBERTODASILVA,519940853
WELINGTONBONFIMSOARES,7391389598
MARIADACONCEICAOAMARAL,73999863587
LEONIDASBRITODASILVANETO,9784168484
VALDIRVOGT,5191793484
LUIZALBERTOANDRADERIOTINTO,7399742831
THIAGORAVELCAETANODASILVA,8781315993
ANIVALDOAPARECIDOGLACOMINI,14998210304
ARMAZENOSELFSTORAGELTDA,14996014468
JOHNYSERGIODESOUZAVIEIRA,8788583116
JOSEHUBNERDEFIGUEREDO,28999626886
EDUARDOPINTODEMORAES,92988010181
JOASSOARESVIEDES,66996169814
JOSIASDEANDRADEFLOR,85982163690
ANDREIAGONCALVESRIBEIRO,619933592
JOSEOSMARMARTINS,81992415157
ALBINOVEBER,47997440456
JONHMARCOSCANUTODEOLIVEIRA,99981114506
ROBERTORODRIGUESDELIMA,6599461687
VERALUCIADASILVABARRETO,27999679065
ELIASMOTAGUIMARAES,7391194661
LOURDESDEFATIMAANIOLALANGE,999912992
ANDERSONNAZARELOPES,9293188805
GETULIOMANOELDASILVA,32999029786
JOSIASDESOUZA,67984750269
LENNONSOARESNERI,75925000
FERNANDOBASTOSSCHERER,99021236
ALEXANDREJUNIOMESQUITADOSREIS,61991184721
MARCELODOSSANTOS,16981929486
WILSONCHISTEFLEMING,35998062965
EDUARDOCRUZJUNIOR,54991447144
MARINALVAPEREIRADEOLIVEIRASOUSA,63991617259
ELISANGELACARDOSONAPONOCENO,18996813790
GERSONANTONIOGOLCALVES,71984621344
WESLEYPEREIRASOBRINHO,6792884894
JEFERSONJESKESPIERING,53999132014
FERNANDOIVANMALVICINO,47991668530
DANIELZIMMERMANN,5136371691
MARIACRISTINALOPESFERNANDESDASILVA,14997942367
JULIOALVESDESOUZALTDA,97981148302
LEANDROASTORGAGUIMARAES,13974200026
JOSECLAUDIOMONTEIRORIBEIRO,15991056925
PAULODOSSANTOSSILVA,19984401150
OCTAVIOAUGUSTOTORRES,4734227388
I.FERREIRADEOLIVEIRA,92999891726
JOSEMBERGDOSSANTOS,73981140284
EVERTONCRISTIANODECAMPOS,13981710330
SUELENALVESDASILVA,67998760961
VANDERLEIABATISTADOSSANTOS,73981627232
AIRTONSILVABARROS,98999093911
NILOCIMENTOSLTDA,85991390756
IVODONATORODRIGUES,61981981858
VIVIANEBERTOCABRINI,19997264272
JOSENILTONDOSSANTOSFREITAS,89999078201
JETIEDSONSANTOSDASILVA,61984039438
JOSEFLORENTINOVIEIRADASILVA,19995791384
TARCILATEREZINHAFIDLER,999472528
CAIOHENRIQUEDESOUZAREIS,19993090279
SIMARRODRIGUESDASILVA,61992981911
FABIODEOLIVEIRAFACHIN,999663424
EDELBERTOMARCON,5432914130
LUCASYUDITSUTSUMOTO,18996148158
EVAIRRIBEIROBEIJO,65999777014
GABRIELAPOLTRONIERIFERRANTIMONTEIRO,16991260124
EDUARDAELUIZASANTOSDEOLIVEIRA,69993376166
MARCOSWINICIUSDEOLIVEIRAFERREIRA,61993789710
JUANPATRICIOGONZALESTORRES,61993757744
IVONALDOJOSEGOMESDASILVA,13996717501
ERISVALDODEMEDEIROSBARROS,61998824960
MANOELTAVARESDASILVA,81992666095
LUIZNUNESDASILVA,949919172
JOHNMIKEVALERIOFELICIO,15996412220
CESARJUNIODASILVA,619884988
MATHEUSVINICIUSSOUZADEOLIVEIRA,18981881400
KEYNAKAMARADAROSA,48999740376
ISAIASANDREESPINDOLA,51999149812
G.M.DEATHAYDELTDA,519996111
LUCASJOSEDESANTANACHAVES,13991345238
ROSILENECONSTANCIODECARVALHO,89994029037
ADANKAWANFELIX,16992953354
JOSEDENISVALDOBALBINODASILVA,82991312816
DENILTONOLIVEIRACARMO,71999583710
FERNANDOWESLEYOLIVEIRAPEREIRA,91984723975
MARCOSMARMODESOUZA,62991159665
FERNANDAAUGUSTADASILVA,1531999480
AURELIORODRIGUES,51999732250
MARCIOGREYPINHEIRODASILVEIRA,95981038360
MILAYNEFERREIRAGONCALVES,65992947296
ZENIELMOASMERIOPACHECODELIMA,949913700
CARLOSREBOUCASFERNANDES,62984441025
EMERSONSEVERGNINIMOREIRA,5192219313
GILENODEOLIVEIRARIBEIRO,77999378211
LUCIODELMARMENDESDELIMA,5399718185
WILLIANLUIZDESOUZA,61986048126
BRUNORIBEIRODOSSANTOS,67981181785
RAIMUNDOALVESDEOLIVEIRA,8695212060
MONICAOLIVEIRAJESUS,32999690483
FRANCISCOBRUNODEMACEDOLOPES,86995165068
KEVENCRUZMENDES,73998131494
ROSIANECRISTINARIBEIROPEREIRA,14991051222
ALDEIRJUNEOJORGESILVA,389918706
JORGELUIZSOBRALFERNANDES,82987262631
SILVANOBORGES,27998967261
CLAUDENILTONBARBOSABEM,33988479622
AGNERIGORBASTOSCAETANO,22996130635
WALTERLUIZFERREIRAJUNIOR,47991263745
NAPOLEAOMARCOLINODASILVANETO,159181658
ELISABETRAMOSAGUILAR,991533214
JONATHANJONESDESOUZAALBERTO,51982770568
ALLANANICYANARAOLIVEIRADASILVA,93992104532
SAOJOSECASA&CONSTRUCAOLTDA,35999431272
THIAGODESOUSA,33999679134
PORTALMIXLTDA,51981679041
PAULOSANTOSDEBRITO,7193838998
IVANLIMA,89994452963
MAURODASILVADINIZ,24992584383
DENISMARMOURAFLORES,67984015389
LEANDROBUENO,11945857793
RAFAELJANDERDOSSANTOS,97981075725
JOICECRISTINABRITESCORREIA,479977909
LUCASADRIANODACRUZSOUZA,14996756262
RAIMUNDONONATOPINTODEOLIVEIRA,62998479596
OTAIRDEBENEDITO,16991129245
ANGELICASANTOSDASILVA,5199985629
MARIADOCARMOOLIVEIRAMIRANDA,71993381146
CRISTIANOMOREIRA,3299229675
AMARAILDAJOSEDECASTRO,1177042033
DIEGODASILVAGUEDES,1598820044
LUZINETEREGINALDOBANDEIRA,94992416389
FRANCISCODASCHAGASRODRIGUES,89994579069
JOSELUIZNUNESMENDESFILHO,5399290919
AURORADEOLIVEIRA,51995748712
REGINALDODEARAUJOGARCIA,53984352644
MARCIOPEDRODASILVA,48984240582
ISADORACANDIDO,27998738073
GABRIELSANTANADELIMA,71999513769
MILANEMOREIRADEAZEVEDO,77999274945
VALTCIRPEREIRA,22998697942
RONIVONFERREIRASILVA,33988572941
TIAGODEMIRANDACIQUEIRA,22999681747
SANTALUZIASATLTDA,75981412319
MARIAEUNICELACERDAANDRADEBARBOZA,61985667859
ROBSONHALLAKRIBEIRO,11999332549
MARCONDESPEREIRADASILVA,69996041423
JOSENILDOMACEDOSILVA,67999979236
MAURICIOPORTODECARVALHOFREITAS,73999237900
JOSEMARIABRANDAODECARVALHO,6196636365
SILVIAPEREIRAMATIAS,18991667991
JADEANDRADEAMIGOSMATERIAISPARACONSTRUCAOLTDA,69999741206
EDSONDANIELBAIOTOSANTOS,5498123878
ANTONIOJUNIORDASILVAOLIVEIRA,54991812884
VOLMARWILLIG,5491185252
MARCILENEFURTADORODRIGUESDOSREIS,91980270170
JOSEWALDEZGOMESSILVA,6781365292
DOUGLASDEJESUSFERRAZ,73998473920
RUBENSSICSUDASILVAJUNIOR,92981774645
LUCIANAPACHECOQUEIROZ,77988292220
RANIEREDEFARIASPEREIRA,83996645454
JAILSONRIBEIRONOGUEIRA,98988245289
GERALDOCERQUEIRADEBRITO,73991244070
FATIMAAPARECIDADASILVAREZENDE,3584128290
JOSESILVAMACHADO,36999780708
ROBSONDECARVALHOBRAGA,32999512231
LUISFERNANDOBONELIMACIEL,1691969925
ELCINEIABATISTADEALBUQUERQUE,93991435813
ENGILENGENHARIAEIMPLANTACOESLTDA,12988774042
WILLIAMROJASGOMESRODRIGUES,67999441217
SANDROSANTOSDACONCEICAO,75991789234
ROONEYRAMMDOSSENA,5198041276
ALICEDASILVAOLIVEIRANETA,71999941505
JEFERSONRUANDOSSANTOS,1692985994
NUBIASILVADECARVALHO,75988589950
ROBERTOGOMESDOSSANTOS,13997156881
MOACIRPEREIRADOSSANTOS,33987236880
CLAUDINEYGONCALVESDASILVA,2797578157
TELCIOMINUZZICHEROBINI,99517320
MANOELCONSTANTINODASILVAFILHO,14998888008
GLEYDSONHUGOALVESDEMELO,83999266372
ANTONIOSILVAFREITAS,13988563639
CRISTIANODEOLIVEIRACALDEIRA,51998074971
LUCASSEBBEN,15981633767
FERNANDOLUIZGEMELLI,519984801
BRUNOBLANKGONCALVES,9491069432
MARCELOSANTOSDESEQUEIRA,5185794874
JOSIELLOPESPINHEIRO,5199239639
WALTERMANOELKRUEGER,47992656464
WEMERSONREZENDEAGUIAR,33999994364
PAMELAMIKELLYDESOUSASILVA,939917774
DANIELVIEIRADASILVAPIERES,35998747044
OSVALDODASILVA,6699060704
GILSIMARAFURTADO,47992835769
MOISESFERNANDODIAS,35999903127
ADAILSONFIDELISDOSSANTOS,83999835918
LCFMACHADOLTDA,1496117889
CLEITONLUCASDASILVAMELLO,94981735207
JOAOFELIPEDASILVA,67992272026
EMBRAPORTASPORTASDEACOAUTOMATICASLTDA,1239217542
MARCIODESOUZAPEREIRA,61986083218
VIDRACARIAVIDROCESARLTDA,35999575886
VALDEMIRGONCALVESDAROCHA,16992011772
GILEARDODESOUZAGONCALVES,37998122952
WAGNERFELICIANOBRANCO,14997904819
MATHEUSBUCHWEITZCANEZ,53999452460
ALDRINCLAUDIOFERREIRA,14997617281
ELEUZANDIRDOMINGOSPONTES,65981158969
MIGUELBENTOFILHO,18997192706
VINICIUSCORREABAFFA,24998596976
OSEIASBITENCOURT,51999091769
RENATOCABRALBRAZ,16993619114
JOSEJOAQUIMDESANTANAFILHO,47997272238
DEBORANUNESBEZERRADASILVA,16996340758
RONALDOLIMAFERREIRA,13982131123
MATHEUSMOREIRCRUZ,69993780035
MEGAFECHADURASEAMBIENTESLTDA,49989174518
CHAVESFALEIROSLTDA,3591534670
JULIANAMARIAARAUJOSANTOS,77999537949
CHAVEIROIPIRANGAECOMERCIOLTDA,24993211331
WANDERSONFERREIRADASILVA,6198418894
NILTONDASILVASANTOS,1693635222
ITALOEDUARDOBASTOSOLIVEIRA,24999890796
MARIAARISTEASANTOSLIMA,16997828360
CICEROAMARAL,69992120749
JOAQUIMNORBERTODEOLIVEIRA,14997073997
LUIZGUSTAVOFRANCO,14981072832
JURANDIRBATISTADEMORAES,87996223483
GRECEKELYDAMASCENOBAPTISTA,74999968412
AELSONMAFRADASILVA,93992395610
MARCELOCORREAMARTINS,51985
CLEUTONBATISTASILVA,37991327353
LUCIELLENDASILVAFERREIRA,92994465007
CHAVEIRODIASLTDA,15997182014
GEFFFLORIPAHCHAVEIROLTDA,48988206266
WERDLEIGUDEMBERGDOSSANTOSASSUNCAO,77988571654
KANIELOLIVEIRAASSIS,61996641331
EDSONVICENTEFERREIRA,82993063582
IVANAJAQUELINEBAIAGONCALVES,91992509692
DIVINOCARLOSDACRUZ,18991636346
SILASJOSEPEREIRADESA,33999394589
SERGIOVIEIRADEMORAESJUNIOR,13997876661
FLAVIODEOLIVEIRALEITE,24998435252
ADMILSONROSAGONCALVES,15996831958
JOSEADELIOCARVALHOFEREIRA,889923151
ROGERIOSOARESFERNANDES,94992977195
GUSTAVODASILVACRUZ,99996453046
JONATHASPEREIRADASILVAFILHO,12997472498
PATRICKROGERIODACOSTADIAS,5185961287
DENISECRISTINAVITALINO,169914112
LEANDRODAROSAGOUVEA,19981432935
RAIMUNDONONATODEANDRADEMOTA,68992297822
RODOLFOALVESDOSSANTOS,1133976817
VAGNERDASILVAROCHA,67993265476
JOSECARLOSOLIVEIRASANTOS,73999038908
MAICONMENEZES,51992964868
GABRIELBARRETODASILVA,13991571448
RDISERVICOSEREPRESENTACOESLTDA,98981113229
CANISIOMALLMANN,49988229009
CARLOSRONISEMPERXAVIER,5381022642
VITORDANIELBARBOSAFERNANDES,82987365877
TIAGOMOTAMARCELINO,48998154367
ELAYNELEANDROLOBASKI,679929944
ALEXDECARVALHOCARDOSO,86999347644
ANTONIOCARLOSPEREIRABRAZANDRADE,74999064917
DENILSONGONCALVES,16992145222
PAULOHENRIQUEMARCHESIN,19992286312
JOAOHENRIQUEDEOLIVEIRA,47991190280
ELYDATAYNAANTONINOLORDAO,83996792845
JOSEPAULORAIMUNDO,17997044217
EDSONLEMOSDOSSANTOS,829913678
ANDERSONROBERTOMACHADOLTDA,11997324693
VINICIUSCAPELETTISCHMITT,5432865382
JOSEMARIADOSSANTOS,18997032344
EDUARDOJUNIOROLIVEIRA,15981206448
JOSILENEFERREIRA,11999570205
ALDOREBERTISALES,13997880881
ROBERTOGIOVANIDEPAULASILVA,32229595
MILENESILVAREGO,77999688032
RAQUELRODRIGUESDOSSANTOS,479919947
FRANCISCODEASSISSABINOSILVA,24974042822
MARCOSANTONIOPATRICIO,3384566497
ANDERSONSILVESTRESILVASANTOS,6593333167
AUGUSTOLEANDROFERREIRODEAMORIM,81982732828
JULIEBERAUGUSTOMUMBACH,35411475
KENNEYDEFRANCAPACHECO,16997940828
RAFAELMOTAPINHEIRO,91993936378
JOSEAPARECIDOGONCALVES,19981534523
LUIZFELIPEDONASCIMENTO,83988420224
MARCELOWONMUHLEN,5499896950
ADALBERTOPEREIRAMENEGUESSO,67999140041
EDMILTONPIRESDASILVA,1532461900
ZILDAPASSOS,48991776858
DENNERSILVADACOSTA,9291769638
MICHELEDEJESUSSERAFIM,94992095140
RACARDOSOLTDA,98991170021
EDUARDAMARTINSMOURAO,66999814578
MARIOFRANCAMIRANDA,67981078656
SAMUELARAUJOROCHA,63984122111
EDILAINERODRIGUESDEOLIVEIRA,47991507032
VANDERLEIPOLETTO,51981805433
ARISTOTELESPINTOFIGUEIREDO,21981349759
APMDAEELIBERODEALMEIDASILVARES,17997082711
MANOELMESSIASDEOLIVEIRASOUZA,61993344243
KLEBEREDUARDODACUNHA,11942633361
SALATIELCOSTADANTAS,94981918409
AGENORRAMOSJUNIOR,28999109377
RODRIGOOLIVEIRABORGES,98988416019
FABIOMORAESBARROSJUNIOR,14991542745
IGLISDIASDUTRA,73992237989
VINICIUSEDUARDOARAUJOSILVA,83988300572
GILVANOLIMPIODASILVA,13974015883
DANIELDACUNHASOUZA,51998464407
FLAVIOMENDESBATISTA,18988154251
GABRIELANTONIOMOLINA,16993564249
WANDEREUCLIDESSILVA,16991661310
VALTERLUISKUHN,5199783100
ROMYSONOTAVIODEVASCONCELOSDANTAS,8282322654
CARLOSROBERTOFERREIRADASILVA,82988311948
EDLAROMANCINI,14998982223
ADERALDOFERREIRADASILVA,24992799571
RAFAELCARVALHODONASCIMENTOLEAL,85991629948
DURVALFERREIRADEOLIVEIRA,66992461956
DANIELATAVARESDASILVADELIMA,15997858505
ANDREANTONIOAGOSTINI,679961280
GILVANESILVADOSSANTOS,999210770
FRANCISCOCARLOSCARVALHO,28998845762
ELIASDANIELPEREIRA,17991213422
SERGIOBALULA,13991109910
BRUNOJORGEPOLLO,19998410815
MARINHOJOAQUIMRODRIGUES,77999505044
HUGORICARDORIBEIRODOSSANTOS,24981317080
VICTORHUGOPEREIRA,69984242166
VALDICLEIAVALDETEGONCALVES,48984366267
ANTONIOCAVALHEIROSILVA,88999748690
RENATODECUBAS,66996952177
DEIZYMARIACOLLETTODEALMEIDASALLES,14991185866
TALLESSOARESDEFREITAS,35999679028
RICARDOSANTOSDEOLIVEIRA,94992881918
ANTONIOEDUARDORODRIGUESFILHO,11996779429
JUCIENEDES.BRITO,98999766043
ALEXSANDROCAMPOSLEITE,77981648202
CRISTOVAODUARTEBRUM,51997596223
EDUARDOFILIPEPEREIRAPESCONI,63984276451
NELSONDEARAUJOOLIVEIRA,93991616018
MARCOSVINICIUSDOSSANTOSCOSTA,6798741449
DHONESDEOLIVEIRAFROTA,94992458283
BRUNOKENJIGOTOVERONEZI,14920003032
EDIGLEIDESCURIOSODASILVA,61983014247
A.J.REBOUCAS,92988369839
CLAUDIOBATISTADOSSANTOS,24999150948
WESLEYXAVIERALVES,88999265173
LAURADESOUZAMARTINILTDA,999564003
REGINALDOVASCONCELOSDESANTANA,73988737952
BRUNOSERGIOBALDUINO,14981363667
JOSEEDUARDOGAVIOLI,47997459977
SANDROGABRIELSIMAO,47984580234
GYLMESONMOURAFRANCISCO,83986796893
MARIOHENRIQUEJUNIOR,18997050467
LPFERRAGENSEFERRAMENTASLTDA,5496285708
VFDESOUZAARAUJO,62983027401
GILBERTOMARQUESDIASJUNIOR,14998087040
JOCEMARMACIEL,51994481971
ISRAELDAVIDCOHEN,92992979226
ELIEZERDOSSANTOSLOPESBARBOSA,61991753191
LUCIANOCALDAS,8896230359
ALEXSANDROROSSE,28999138876
GUSTAVODEOLIVEIRANERES,18997088142
JOSEALVESDESOUZA,9299997978
HIGORJHONATANBARROSSANTOS,66996510817
DANIELGUEDESGUIMARAES,35999457624
RENATOROSAALVES,98988388802
CLEUMARRIBEIROPAULINO,94992967626
LEANDRONUNESDOSSANTOS,93984173207
MAZIERO&ANDRADEAUTOELETRICAECHAVEIROLTDA,14997983828
MAURICIOSHINZATO,18997877970
JULIOCESARSANGALLI,51984663692
JOSELUCIODEOLIVEIRA,14997077259
LUIZFELIPECOSTASILVA,6791211183
ELSONCARDOSOPIMENTEL,74999899450
JOAOVITORIMICH,49991811864
EDSONLUIZCONSTANCIODESOUZA,6192939650
RICARDOMULLERCIGERZA,49988601080
JOSEDOSSANTOSPIRES,69992539712
CHAVEIROARAUJOLTDA,49998005005
CHAVEIROCENTRALTATUILTDA,15997953414
LEANDROGUIMARAESMATIAS,51991677963
MONICAPEREIRAPINTO,63985193101
FRANCISCOIVANALVESFONTELE,98987265766
DANILLOHANDERSONDASILVA,38999533522
RUCHAVEIROEXEROXLTDA,24988010188
JUNGESMATERIAISDECONSTRUCOESLTDA,49991163115
CLAUDECIANGELODASILVA,91999631033
EDIANAAPARECIDAPAULINOLOUZADA,28999481625
ELLENFERNANDADOSSANTOSDOMINGOS,1971224211
WEMERSONGOMESVANDERLEY,63992539913
MARCUSROGERMARQUESMARTINS,51994635774
MARCELOFONSECADASILVA,13981484048
HUSSEMBEZERRADASILVA,61991151520
ELEMDASILVADESOUZASANTOS,91999889342
FRANCINILDOMARTINSDASILVA,99984346771
DAVYDLUIZMEIRELLESDESOUZA,47988427227
JEFFERSONDEALMEIDABARBOZA,54997028543
DSLOIOLAVIEIRA&CIALTDA,94991288012
ELIASDEARAUJOCOSTAJUNIOR,86981062929
LUIZCARLOSDASILVAFERNANDES,93991282735
OLIVEIRACOMERCIOESERVICOSDECHAVEIROLTDA,54991159988
SOBRALCHAVESECARIMBOSLTDA,67991353939
ANDRELUIZBATISTA,83981108209
ANDRESOUSATEIXEIRA,61991536733
IVALDONEVESABREU,61999150814
JOAOVALDECIDASILVA,15997181911
CARLOSALBERTORIBEIROMIGUEL,61998853098
VALDIRENENUNESPEREIRADASILVASANTOS,18997433578
ARTURALVESDESENAFILHO,91988630112
THIAGOMAXIMIANODASILVA,47984339130
LUZINALVADESOUSABARBOSA,93991289342
DIRSONODILARBARTZ,54999836097
ELISANTOSSILVA,73981151028
PAULOCEZARDEGODOI,17997067802
LUCIANOGONCALVESVILELA,37999034337
JOAOMEDEIROSDACRUZ,91996159148
ARIELMATIASDESOUSA,9988124367
DANIELLUCENAFERREIRA,6133627342
FABIODASILVAMARIANOPARADA,13996768688
FELIPEJOSEALVESVIEIRA,14988010339
JOSEEDUARDOSANTANNASANTOSBRAGA,47999478983
CONGREGACAOCRISTANOBRASIL,93991265427
PEDROMARQUESFILHO,35991715144
LEONARDODEODATORODRIGUES,839816638
PEDROHENRIQUENAVASDAQUILA,1597740722
BRIGADEIROAFIADORCHAVEIROLTDA,15996524890
RAMIRESRODRIGUESSILVA,639841162
ADAOLUIZFERREIRANUNESJUNIOR,63992427788
ROSACECILIADAMAZIOOSHIRO,14997990398
FELIPEJHONATTAOLIVEIRASILVA,61991681801
PEDROCOSMEDEBRITONETO,81991221199
LEVIMARTINS,47991947902
GERALDOFALCAOALMANSA,51995757371
LAUDICEIALIMAMARQUES,92981829824
MARIOCESARDOSSANTOSDIAS,51992975098
DANIELARABELO,48991385890
EDSONPORTOKOSCHIER,53984522107
CIROPEREIRADASILVAJUNIOR,13996010909
JOSIELPLATI,1597715706
CICEROBATISTAFIRMINOPEREIRA,88999711333
JANEJUSSARADOSSANTOS,51991534580
PEDROSEBASEVERIANO,67992777999
BLACIDOBRUNO,16999938519
JOAQUIMPEREIRANETO,19997178868
WALTERDONASCIMENTOCABECEIRO,4791526882
JOSELUISDOSSANTOSFITIPALDI,18996116850
JOSESOUZADASILVA,11993111011
MOACIRALVESTEIXEIRACHAVEIRO,16992093360
TIAGOSOUZAESILVA,94992690608
GILBERTOGIRALDILTDA,18981147281
JOSEMARCOSDEFRANCA,8197691624
FLDONASCIMENTOCOMESERVICOS,9896089617
EDSONSANDRIDEMOURA,5499973811
JOSEHELIODESA,87981192827
ELIZABETEBAPTISTAFERREIRA,16996273467
EXPEDITOPAULOESILVAJUNIOR,889965938
LUCIANOBARBORADOSSANTOS,988613330
EDNILSONJOAOTIBURCIO,81997291988
JOAQUIMALBERTODASILVAMENDES,15999817172
FERNANDACAROLINESOARESOSHIRO,14997375787
MAURICIOHIDEKITERAOVIDROSAUTOMOTIVOS,11985993626
WALASDEJESUSCARIBE,69984326198
FELIPEZENMORAES,5199959868
MANOELBOMTEMPONETO,18991459545
ANDERSONJERONIMOBARBOSADEABREU,99166768
R.C.M.BALBINOT,5492725685
LEANDRORIBEIRODOSSANTOS&CIALTDA,35129195
CARLITOMACHADODEBITENCOURT,5184246560
RAILTONFERNANDOGARCIADEMOURA,37998129149
MAIKEEBERSONROCHADESOUZA,69984590565
JULIOCESARVIEIRARODRIGUES,99984305298
MARCOSANTONIOSILVADESOUZA,91987288107
TACIANADECASSIAFERREIRA,35992221781
VINICIUSAMANCIODEOLIVEIRASILVA,84986200948
FABIAPIMENTELESPINHO,9235211652
OSMANNUNESDASILVAJUNIOR,82996310878
MARIAARACIDAROSA,19992871778
BRENDAKAMILYDOSSANTOSMENEZES,6798252600
VALENTIMISMAELTELESDEQUEIROZ,16992892019
JORGELUISSOUZASANTOS,919929444
VALDIRLUIZDASILVA,64992961936
ANDRELUIZDASILVACOSTA,996398334
NOEMIAREPOLHODEOLIVEIRA,96991548346
FREITAGFABRICACAODEPERSIANASLTDA,51991425815
ERNANDEDEOLIVEIRARODRIGUES,94992524468
SHOPPINGDOCONSTRUTORSANTANALTDA,35361479
RENATODEMELOPROENCA,15981147603
EVILAALVESDELIMACORDEIRO,69984514750
CARLOSRIANDEOLIVEIRASILVA,87991461729
FABIOCAMPOSFERREIRA,73991149599
PEDROIGOROLIVEIRARIBEIRO,8694699997
JANISONSANTOSARAUJO,91859157
FRANCISCODACHAGASSANTOSFILHO,86994497531
CASSIANERIOSDESACARDOSO,93988114311
NILTONSERGIODALLAVILLA,149811677
RAFAELCRISTIANOEXELDASILVA,13997968471
PAULOALBERTOSANCHESPRIMO,19982249056
VITORHUGOCARVALHOBUENO,62984901412
THIAGOTOSTESBESSA,2299339899
JOSEVICTORDOSSANTOS,119852230
BENEDITOTEIXEIRABARROS,93992116800
BIGCHAVEIROECIALTDA,4799771331
APARECIDOROBERTOBUENO,1632426811
JANAINAEULALIAFAUSTINOFELICIO,35997046163
JOSEMARBARBOSACOSTA,8491586181
ELENILSONMACHADOMARTINS,4899529537
RAIMUNDORODRIGUESACIOLIFILHO,9193651434
ERIVAGONCALVESLIMA,87981782747
FERNANDOGOMES,48999144807
ANDERSONNATANAELPROFIRIOADONES,87981140172
GELYSONLUIZBONIFACIODECAMPOS,93991274091
JOSUEJOSEMARQUES,15988011579
REGINALDOJOSEDASILVAFRANCA,16999671589
EVALDOVITORIOPAGLIARINI,11967434873
VALNEIBORTOLINODASILVA,2499546315
ANTONIOSANTOSCORREIA,71981070337
RAULBRITESJUNIOR,6792648505
RAFAELCRISTIANODUARTECANDIDO,14996825383
NIVALDOCHAVESDASILVA,96991776691
SEBASTIAOJOAQUIMRODRIGUES,7798018250
JULIOCESARLIZOT,6699596951
OFICINAMECANICALIDERLTDA,49999167729
NATANAELDEMELOSILVA,8181218142
THIAGODASILVADOSSANTOS,92994959046
PHELIPEGONCALVESSANTOS,66984082930
PATRICIABERNARDINODEFREITASPEREIRA,1496305662
HELIOFERREIRALIMAMAIA,63984709144
ANTONIOVIEIRADEJESUS,61985133490
JOAOMARCOLINO,18998165465
EUVALDOGOMESDECASTRO,6133858195
FABIOAVELINODASILVA,6392648350
MAURINOLIMADEPINHO,65992514407
CAMILOCRISTOVAMDOSSANTOS,35999615171
ROSILENEDEPAIVASILVA,86998008940
DANIELSILVADEOLIVEIRA,77999719725
SERGIODASILVABUENO,18981397007
ALEXANDREDASILVAARAUJO,95991191436
IVANILSONDASILVAGOMES,9991887968
JEASIELJERONIMOFERNANDESESILVA,9187219993
CESARAUGUSTONUNES,1491118225
EDVANDESOUSACRUZ,6133786984
CELIOTADEUDESOUZA,3388443130
SAJEDYACOUB,47991868298
ANTONIOCARLOSDASILVA,639925468
ANDREATAYDEMOREIRAPEREIRA,38999079972
LUCIANODASILVA,61992131652
JORGEMATIASDOSSANTOS,18996490852
RUBENSTELLES,18997653957
ALMIRESTARQUIGOMES,16991018862
ELIENEMELODESOUSA,94991660098
IMPERINORODRIGUES,86994110494
ROSANIAMENDESDASILVABORGES,17997588797
JOAODOMINGOSDASNEVES,13997734778
JOELURSOLINODAMOTA,1498614706
CLOVISMENDESDEVASCONCELOS,13997151877
REGINALDOLOPESSODRE,91988057360
ALCEUCLAUDIODEOLIVEIRA,51998222674
VLADMIRGUEDESSILVEIRADELIMA,51997202716
ADAOCLAUDIOJACOMO,14996366515
EMERSONMIRANDADELIMA,189982157
ADIRVOSNIAKALVES,65993216607
JONASAZEVEDOFAREZIN,996302039
ANANIASFREITASDASILVA,67992680173
FELIPEDEMIRANDA,16982013528
ALEXSILVABARBOSA,61999929451
CICEROTEIXEIRADEARAUJONETO,75998206465
ELTONANTONIODEDONI,17981798453
CHAVEIROCRISTALLTDA,63984114204
JESSICAMARIADACONCEICAOFERREIRA,3233621077
PAULOROBERTOMIRANDA,3597046163
IZALDORAMOSDASILVA,81981548322
VINICIUSDEPICOLIDELIMA,519865977
ROBERTOCARLOSDEMELO,139961358
MINASBEACHPARKLTDA,33991370388
MARIADOROSARIOSILVABARBOSA,16991537415
MARCOSAURELIOOLIVEIRA,9991640896
RENATOSEGUR,11943354058
JUCEMIRANTONIOPELLIZZARI,54331441
MARCOSSANTANASARMENTO,739882977
ANTONIOREGINALDORUFINODASILVA,1896414425
ROGERIOCOSTAABRANTES,229993344
GRASSICOMERCIODEMATERIAISELETRICOSLTDA,5499062216
JUNIORGOMESDESOUZA,87981037076
JOAODACRUZDOSSANTOS,86988104668
CASASIMONMATERIAISELETRICOSEHIDRAULICOSLTDA,18996156346
IRENALDOGARCIA,11971714858
LEONILSONBALDEZLINDOSO,9888237429
ISMAELMARCONPASSARELI,93991528577
MARCOSDASILVAMAIA,6634018951
MANOELCOCADEOLIVEIRA,6696042773
CLEBERLUISGOMESDEALMEIDA,539918998
DAIRFERNANDOGARCIA,53984478973
YURIJESUSDASILVA,7381603564
FERNANDODELIMATRAJANO,5197726240
FABRICIANODESOUZAESILVA,94992020614
LUCIVANDOSSANTOSVIEIRA,94981334579
LEANDRAROSABOSE,5196941367
DHIEGOBEZERRASARAIVA,61984566661
JORGEDASILVAMOREIRAFILHO,92991038890
IKAROVINICIUSSOUZAGONZAGA,13988241293
JONATANSILVADECAMARGO,967789
SIRLENETENORIOMACEDOSANTOSDELIMA,82988784808
DUARTEDEPAIVAOLIVEIRA,86999968116
ARAMUSSEDEFREITAS,34996300922
MARLONJOSECARNELOS,16991320864
DANGLINEYSOUZADASILVA,92999072774
JAIRTEMPORIM,14991074788
EDERSONBILIBIOPARCIANELLO,991818131
WALTERLAPOLANETO,16997082595
MARCELOGONCALVESDESOUZA,91984048631
REINALDOXAVIER,1734212784
JOSEMANOELFELIZARDO,65981042658
ODIRLEIPADILHA,51905102070
GILMARDOSREISLEMES,35984031311
ALLISONFERREIRADASILVA,65992742051
JOSEFERREIRADEOLIVEIRA,64999511513
VIDRACARIAJACARELTDA,93991728304
ISAACCOSTAMENDES,3898324646
LUIZFELIPERODRIGUESDECARVALHO,83994007902
EDIVALDOCAMPOSDASILVA,93984325248
CELSOJUNIOMACEDORODRIGUES,61993728366
M.BECKCHAVESCODIFICADAS,5198498687
RAFAELBRAZMONTIBELLER,47996135937
PAULONOGUEIRADURAN,1498882245
DIEGORAFAELRIBEIRO,35999268068
PATRICKDIASKUMMER,47992770077
JOSIANERODRIGUESDEOMENA,82993304320
JOSEANTONIODELARA,66996467330
PEDROFERREIRADASILVA,819815144
EVANDRORICARDODOSSANTOS,51998626360
VALTERFERREIRADASILVA,15997921861
ZERO-KMAUTOELETRICO,CHAVEIRO,SOMEALARMELTDA,19978680012
PAULORICARDOMARTINSDACOSTA,6692294839
DOUGLASDESOUZAALVES,69992256659
WILSONHONORIODELIMA,14997193210
RONYCLEYTONDASILVAFERNANDES,639288
NELSONTSUGUIOTSUTSUMOTO,1899131619
CHRISTENESWILLERDASILVA,81985872382
NORBERTOGUSTAVOJUNIOR,51999458858
ANDERSONRENATOBRONZATTI,14991582257
VALTERVISENTIN,54992123477
CHAVEIRONOVOMUNDOLTDA,67981280363
COMPUCELLTELEFONIAEINFORMATICALTDA,6992343338
ALFREDOLUISDEPAULACOSTARIBEIRO,16991385015
JOELALVESDACOSTA,86981360830
CARLOSPIAGENTINI,14996687419
RAILTONBRITOFERREIRA,99984512439
RAIMUNDOCAMPELODOSSANTOSFILHO,8688389151
ROBERTOALVARODASILVA,27999992278
JOAOCARLOSCASPARY,5199452661
FELIPEDOSSANTOSFALGETI,67996749375
KENNEDYMOREIRADASILVA,3198959512
HENRIQUEDEFREITASBORTOLOCI,1430185112
MACHADOSERVICOECOMERCIODECHAVEIROAUTOPECASEINFORMAT,5192774169
DEBORABARBOSADASILVA,73988454842
LUIZCARLOSDEALMEIDA,4999314650
DANIELABATISTADOSSANTOSMALDONADO,15988042087
LAERCIOLIMADEANDRADE,9292676043
ADERBALCESARIODASILVANETO,92991565110
JEOVAMEIRAPEREIRA,7998201228
AURICELIORODRIGUESDASILVA,61992022929
MULTICOMERCIODEFERRAMENTASLTDA,66999533003
HAMILTONBARBOSA,31998916854
CARLOSCESARVIEIRA,6133517211
RICARDODASILVASETTINIPESSOA,65999778301
ALMEIDAMULTISERVICEEPERFUMARIALTDA,1124272103
GLADSTONTORRESDEMESQUITAALENCAR,1636368839
AIRTONNUNESXAVIER,54991965954
NEILSONDESOUSASOARESGOMES,63999329714
ERICKSONCAMPOS,65999089122
CLERISTONGUSTAVOFELIPE,17991452086
DAVIFARIASILHA,5183518309
CRISTIANERAMOSDASILVA,73982211001
ELIZANDROADAMS,51999582643
CARLIUSONCRUZDOSSANTOS,6195796016
BRUNOEYVITTYDOSSANTOS,6798020434
JEANHENRIQUERONCOLATO,16991449670
MARCOSROBERTOVAZ,15997446640
DJONATAAMARALSOARES,51980654945
GERSONALVESDESOUZA,8698011061
JOAQUIMKENEDYDOSSANTOSMEIRELES,38998316141
VALMIRJACOMINIDACOSTA,9966924
AUGUSTOFRANCISCODOSSANTOSFILHO,61996349278
FRANCINALDOMARTINSDASILVA,8432712371
STAMPDAAMAZONIALTDA,9296049748
JOSEAPARECIDONOGUEIRALIMA,67992031418
MIGUELF.DASILVA,6935302942
CICEROGOMESSIQUEIRA,6392950441
CHAVEIRODOVALELTDA,48999888100
LUISCARLOSDEMORAES,67984252893
TONYPICANCOCARVALHO,92994499743
MARCIOSANDRI,6533611804
VANESSASANTOSSILVA,93991182288
CLAUDIODONIZETEGARCIA,12996418313
PAULOHENRIQUEDOSSANTOS,13981543289
ROMUALDOROCHADOSSANTOS,73982469116
MIRIANSANTOSDEQUEIROZBAPTISTA,75998823636
GLEOMARHAGAMENONMACHADODEALMEIDA,66992572742
ADRIANOCONCEICAOGOMES,949930280
PAULOSERGIODEOLIVEIRA,3536223829
CELSOVICENTE,11997257158
FRANCISCODASCHAGADASAQUINOCOUTINHO,889978908
LUCASPICONI,16981969088
OTALIBASPORTODAROCHA,89981470485
JOSETELMORODRIGUESDESIQUEIRA,1236772453
CICEROADRIANODANTAS,13991607279
CLAUDIOMAIAMOREIRA,61985825998
CELSORENATODEPAULAMOTA,2288040069
JOSEEDINEIDESOUSA,93984216034
GILSONROSARIODEOLIVEIRA,92982807603
AMARISTONESOUZADASILVA,61981866585
JUNIOCESARDASILVA,61992341560
FABIANAGOMESDACOSTATEIXEIRA,13988567727
MARCIORABELODONASCIMENTO,92991912101
LEONARDOOLIVEIRAPEREIRA,67992427399
IRENILCEVIEIRADOSREIS,98999078350
LAERCIODASILVARAMOS,18997706852
ALCIRBASTOSSARAUZA,18997313074
JOSEGEOVAGONCALVESDELIMA,82999426752
JONASGOMESPEREIRA,86981458617
PEDRODEOLIVEIRAESILVA,6141015120
CLEYNERDECASTRODOPRADO,24999993601
MOISESVELOSODOSSANTOS,8694324897
DEIZEAPARECIDABARNABETEIXEIRA,11971397996
GERALDOLIMAMOREIRA,86995033275
RONALDOINACIODEARAUJO,88993831140
BENEDITOGONZAGACARDOSO,61984794754
VILANOVAVARIEDADESLTDA,19986063808
ADENILSONPEREIRASANTOS,17991424318
WRANGLAUCYAMARTINSMELO,61982406286
MARCOSAQUINODURAES,749918877
FABIANOFERREIRADASILVA,6791358779
PAULOSERGIODINIZ,14998102450
RAYANVANIELDECAMPOSSANTOS,93991500404
JUVENALJESUSRODRIGUES,69999140407
CALILAHMEDALIDAHAS,16996177197
AMILTONPEREIRARODRIGUES,66984490946
JEANCARLOSBRITES,4799974114
LUIZAMERICOVAZDEALMEIDA,24992204199
PAULOROBERTOZBOROWSKI,33124530
DEMETRIOBARRETOMENEZES,73981775222
ONEILTONMUNIZDASILVA,11943722364
DANILOLUCKNEVES,15997227822
GISLANIASANTOSDASILVA,7588615196
CASSIOHENRIQUEMANTOVANI,16999877785
LUIZALBERTOMARTINELLI,6699975674
MARIAANTONIATORRESDEMIRANDA,15963098
ADILSONFROESPEREIRA,6984920832
JOSECLAUDIOMARTINSDEFREITAS,989880617
EDMILSONVALERIANODEOLIVEIRA,61999641431
MAXIMILIANOCORREAAPOLONIO,61995165198
FABIOSOUSADACONCEICAO,98999449079
FERNANDOSILVASOUSA,7381459241
ROBERTOBORGESDASILVA,66999714489
JOELDONIZETEFERREIRA,11957650812
ERIVANDASILVASANTOS,84992047745
IDEIRJOSEDOSSANTOS,18997827914
LIARAQUELDOREGOGOUVEIA,61995451054
ALISSONRODRIGUESANDRADE,67992028932
CLAUDIAREGINAREGISSOUZASANTOS,13978096262
JOSELAERZIOVIEIRARODRIGUES,88992223179
CRISTIANDOSSANTOSROCHA,189962642
GILVANROSENDODESOUZA,61999028115
ROMILTONDEJESUSSANTANA,7132311381
CHRISTIANNYNARJARAFONSECA,6384258705
GLACIRENEDOSOCORRORODRIGUESPINHEIRO,9130813285
EDSONCANDIDODELIMA,17991654104
FELIPPETAVARESDASILVA,15997879812
SERGIORICARDODASILVACOSTA,32999569011
JONHYTECHERAGONZALEZ,59899378761
VANDERLEYPORFIRIODASILVA,91982519463
JUNIORCAVALCANTEDELIMA,8796367815
EDSONBARBOSA,96981052464
JOAOBOSCOMACIEL,16999690001
RONALDOFERREIRADASILVA,28988119427
LUIZCARLOSRODRIGUES,28998848241
CLEITONLUISLAURETT,47997171311
ROBERTAANDRADEDOSSANTOS,75999192909
EVILAZIOREBOUCASOLIVEIRA,6899897822
SINANDROGUZATI,51990369020
GABRIELMIRANDARIBEIRODEPAULA,17982022631
MURILLOLUIZPEREIRA,3498186238
MARCIOROBERTODESOUZA,5194459034
JOSEANTONIOMACHADODOSSANTOS,63984571539
ANDRERICARDOCHAVESSANDERS,519916818
ROBERTOGONCALVESFERNANDODENORONHA,6796113163
GENIVALDOBONFIMNASCIMENTO,75981974538
CLAUDIANODESOUZAMOURA,98984864201
GIRLANDIAALVESSAMPAIOLISBOA,75992814845
JOCELIODOCARMOSANTIAGO,71991315751
ANAILTONCARMOBASTOS,16992148646
LUCIANORIVALDONUNESDESOUZA,8799010166
MANOELMESSIASJESUSDACRUZ,739816275
FRANCISCOSERAFIMDELIMA,61999699235
RODRIGODACOSTASERVICOSECHAVESLTDA,48984296225
SERGIOEDUARDOLIMAALVES,88994954616
EVANDROAPARECIDONUNESTEIXEIRA,15997432260
LUIZPAULASANTOSJUNIOR,19997357609
DERLEIBARBOSADASILVA,7399519825
CLAUDINEICAMARGO,15991209267
FILIPPEFERNANDESDASILVA,83981606212
TAINAAPARECIDARODRIGUES,1796022658
OSMARPEREIRADASILVA,38999609475
NOELALVESFERREIRA,63984836191
CARLOSEDUARDODECARVALHODASILVA,16996667547
HUGOFRANCAAGUIAR,66999780300
DERLEIOLIVEIRADASILVA,53981225723
MARCOSDANIELCAMARGOFERREIRA,13997045952
PERSIVANSANTOSDASILVA,13988836826
LUIZCLAUDIENEDONASCIMENTO,87999040303
ISISDEIVISCOELHODESOUZA,77998147400
REINALDOFELIPE,15991838944
PAULOSERGIOFONSECARIBEIRO,91982532046
CLAUDIOAPARECIDORIBEIRO,16997698282
INESELAISECOUTINHO,51982260869
GETULIOGUIMARAES,3196210418
ELIANAAPARECIDADEOLIVEIRASANTOS,66996743490
SAMANTTACRISTINATAVANOGIGLIOTTI,14997781434
EDUARDOVALERIORODRIGUESROCHA,38992435403
EDERRIBEIRODEASSIS,18997062238
AILTONSANTOSCOELHO,9434312941
ARTHURGABRIELPAIXAODESOUZA,67984160245
BETOCOMERCIODECHAVESECARIMBOSLTDA,47999890514
LAILSONALBERTOPRADEBUNDT,53984410174
MARIAMADALENADASILVASERRA,93991116563
ADEBELHELDERDEOLIVEIRA,98987815474
IVANMARIODECASTRO,3899221986
RENATOPINTOFERREIRAJUNIOR,16997114530
OZIELDEOLIVEIRADUTRA,33999687944
ANTONIOANDRENOBREGADELIMA,15981148509
OSNILDODEANDRADEVIEIRA,1639663131
PIERRYDOSSANTOSSANTAROSA,19981796213
MARCELINOSOARESSANTOS,91993130258
ANDERSONXAVIERPINTO,1833240292
CICEROJOSEDASILVA,6596767219
DANIELDASILVEIRA,15996281261
RICHARDDUTRAMARINHO,51985727175
LEANDEOLOPESMONTMOR,24981649411
HEGONHENRIQUEDEOLIVEIRA,49991378480
PAULOSEBASEVERIANO,6781654828
SARAHLIBARDITAVARES,16997046847
ANTONIOBRILHANTEPROCOPIO,8399193291
ALEXPEREIRADEMOURA,18998129089
FELIPEAIRESMACHADO,960857
LUIZCESARSLAGHENAUFI,1432227979
WANDERLEYJORGEGARCIAJUNIOR,32999545902
JOAORAMOSDASILVA,2499411256
LOJANUNESLTDA,4799860158
ANTONIOLOPESVIEIRAJUNIOR,13997188198
ANACLAUDIALIMADESOUSA,13982047305
VILMARINACIODEALMEIDA,6696052019
CHAVEIROBAADELTDA,479998876
LUIZDEOLIVEIRAPEREIRA,32984287307
FRANCISCAJULIANARODRIGUESSILVA,86988742546
INALMEIDACOMERCIODEARTIGOSDEARMARINHOLTDA,24998738227
DIEGOCARAZZARIBEIRO,32998101871
ANTONIOROSENEIDEBARROSPEREIRA,5199032580
GEYSONRENATOSOUTOFRANCA,38991231036
MARCOSDOSSANTOSMACHADO,15997239785
ROBERTODEJESUSMENEZES,619932725
FABRICIODOSSANTOSGOMES,83986064916
MARCOAPARECIDOPIRES,1597089779
JONIRISDESOUZAPEREIRA,73999356782
MARIAVILMARODRIGUESSANTOS,99991586675
ROBERTOLOPESDASILVA,11974473095
LUCIELIOFERREIRADEBRITO,33991091126
JOAOCARLOSEDUARDO,17996612505
DIOGOGOMESDASILVA,61982531212
EDIVALDOGUIMARAESOLIVEIRA,99984206493
MISAELBEZERRADASILVA,1172263108
JADIELCHAVEIROSLTDA,47997854915
MARCOSANTONIOSILVEIRAPERUGINI,13997321590
ANAPAULAFAGUNDE,14997543240
LINDOMARSOARESDEABREU,83996428769
GEORGEADRIANOAZEVEDODESOUZA,8192014853
ADEILSONMORAISDOSPASSOS,51984021019
JOSECARLOSMARTINSLEITE,17996067653
JOAQUIMIRONDEALMEIDA,98981896815
PAULOCEZARRIBEIRO,1736513170
MARIALUIZAMOREIRA,35992175981
KAMAMURIOLOPESOLIVEIRA,67992086636
JOSENILSONDESOUSAMIRANDA,86995041569
ROBERTODEARAUJOLIMA,98981899887
GREGORIOPAULOALVESDASILVA,99982767092
ANDERSONTHIAGOSILVADESOUSA,94991905120
JESSIKACAMILAINACIADECASTRO,6634381775
LUCASHENRIQUEDASILVASANTOS,67991071566
PAULOSERGIOFRIGATTO,13996527158
FABIANODOSSANTOSSILVA,88981472995
ROSINILDADAMASCENODOSSANTOSFILHA,92982799904
SIDINEITAFFURI,11995958305
LEOVEGILDOALVESDEOLIVEIRA,16997411112
MANFREDWOLFF,49999510405
LEANDROELIASDASILVA,15996165997
VANILTONCORREAFERREIRA,97984062118
LUIZCARLOSFREITASDORIA,7599835176
ABILIOANTONIODOSSANTOS,3284105710
ALEXDESOUZA,35988878309
RICARDOPEREIRADASILVA,96988032548
EZEQUIASCANDIDOGRACIANOCANDIDO,8198802
CHARLESFARIADEALMEIDA,82988653675
VALDEMIRPEREIRADOSSANTOS,69984513773
LUCICLEIADEOLIVEIRANASCIMENTO,82996631167
CARLOSALBERTODUARTECALADO,16993393372
J.BCHAVEIROSLTDA,47997617598
DAVIGUILHERMEDESOUZAMAXIMIANO,35999087825
JOSEFRANCISCOMARANHAO,87996648077
MARITAKACOMERCIODECHAVESLTDA,3599840953
ADENIRCARVALHO,1432611759
MARCOSFARIALIMA,18997184227
JOELSONRIBEIRODOSSANTOS,6999646398
JAIROFRANZEN,54999652425
LUISRICARDOPOLICENO,13997075128
GILBERTONUNESDEBORBA,51999758001
MONTARE-SERVICOSDEMONTAGEMLTDA,14981280137
GILBERTODAPENHAMOTA,33988219061
CLAUDIADANIELABARBIAN,51999822564
WERLANFRANCISCONETODASILVA,8799943272
PEDROFARIASDEABREU,19991331450
CHAVEIROPASSOSUNIPESSOALLTDA,3535220840
CHAVEIROALERTALTDA,4794042379
GILBERTOLIMADASILVA,83999209684
ADEMIRRODRIGUESDEOLIVEIRA,69992938600
DARCYPAVARIN,47991043859
NEUSARIBEIROPEIXOTO,14981339298
DJALMARODRIGUESDEMATOS,38998399517
JOSECELSOVILELALIMA,86999822916
CLAUDIOAPARECIDOGUSMAO,18996359822
SALVADORSERVICOSAUTOMOTIVOSLTDA,67991547741
VALDEREZSOARESMARTINS,99363713
UBIRAJARABARBOSASILVA,73991183751
JABESPEREIRADACOSTA,949840501
LEONELBASSANI,54999666005
ADACOSTAPINTO,86995660504
BRUNOHENRIQUEDOSSANTOSSILVA,18997776895
CLEVERSONRIBEIRODEALBUQUERQUE,14997479086
LUISCARLOSBIALIBATTU,51991917420
EDGARSOUZADOSSANTOS,61992466245
GILENIOSOUZASILVA,7791969309
JOSEINACIOXAVIERBEZERRADESOUZA,66996787645
EVANDROARAUJOVIEIRA,61986154140
VIVIANEFRANCASANTOSDEMOURA,65996077709
ALTAMIRSOARESDASILVA,65984096571
JOSIASMORAISCABRALCHIGUSA,14996229408
JOSEMARIADACONCEICAOPINTO,77991942910
VINICIUSDESOUZANEVES,2898841073
ADRIANOSANTANARODRIGUES,73998211001
BENEDITOALVESCARRIJO,16999279612
TIAGOSANTOSPOLGA,996335177
LEONARDOBARROSODESOUSA,14996068634
ROSILENEOLIVEIRACESARDEMIRA,69984887314
I.LUIZALFLENME,69984440680
ALTERLITOMUNOZDORADO,69984560668
JONATASGABRIELROSAMENDES,16993900645
ALEXRICARDOSCHMIDT,9818291
CLAUDIODUARTEDESOUSA,51999840829
TONYLEONARDODASILVACANUTO,249810569
CLEITONVIEIRADASILVAAUGUSTO,35988258797
DONISETEDIONISIOVENDRAMIN,47991817431
JOSELUIZROCHABOTEGA,4899549530
KLEYTONGOMESNOGUEIRA,63999982738
WALTEIZYDONASCIMENTOSILVA,8494083452
FRANCISCODEASSISDONASCIMENTO,28999023135
MADEIREIRAPAIZANTELTDA,27996330156
R.M.TOLEDOCOMERCIODEPLACAS,18981336090
MARCIOLORIPPE,19983021927
DILSONALVESSANTANA,16991475607
FRANCISCODACRUZPEREIRADASILVA,16991132787
DEMEZIOBEZERRA,16997818137
MARCOSROBERTODESOUZA,35999565213
ALEXMARLONFERREIRADEOLIVEIRA,65999813720
DIEGODASNEVESGONCALVES,53991195249
EVALDOLUISVIANALOUREIRO,92992435402
HERBERTTTHOMAZCARVALHONUNES,91996262166
VAMBERTODESOUZAFERREIRAPENAPOLIS,18996694424
CLEUDIMARFERNANDESRODRIGUES,62999183529
SIMONEAPARECIDAMACHADO,17992407859
GENIODASCHAVESFERRAGENSESERVICOSLTDA,87988352422
MURILODASILVASOUZA,17912063
MARCIOSOARESDASILVA,66999714127
ANASILVIAPINHEIROFLORES,91987016124
ELIZADEOLIVEIRAPEREIRA,13996508240
JOSERAMOSSOARESDOSSANTOSJUNIOR,91992347693
ANDRESANTOSCASTRO,38991240488
FERNANDOFERREIRACANTANHEDE,98983114061
JOELFRANCO,35999491428
OLAORMARTINSDEARRUDA,18997080352
ARMANDOMORAISDOSSANTOSFILHO,24999303095
JAIRLEONORJUNIOR,5196620505
ADAIASDOSSANTOS,24992236900
EVERTONCELESTINOFONSECA,15996701989
CARLOSALBERTOFERREIRA,24999151973
ROBERVILGUILHERME,19999127185
EMERSONCACIODOSSANTOS,82981260860
NELSONNEDEARMSTRONGDESOUSA,66984616980
AUDECIPEREIRADEANDRADE,61983220492
JORGELUIZARAUJODOSANJOS,73991484837
DANIELDUARTEDASILVEIRA,15996858709
JOSEERIVONALDOSANTOSMORAIS,8796427562
CICEROFABIOOLIVEIRADASILVA,88996634140
JOAOPEDRODESOUZAESILVA,3732256880
REIDASCHAVESLTDA,5198216592
JOSERENANDACONCEICAO,5432112089
VERONICAPEREIRADOSSANTOSOLIVEIRA,13988848427
SIMONEBATISTAARAUJODEJESUS,75988033748
TEIXEIRA&MARTINSARACATUBALTDA,18981844051
ROBERTOFRANCISCOCOSTA,69992425272
ADEIRMOURASOUSA,38991261745
WALTERLUIZFERREIRA,14997176780
MARLONTAITDOSSANTOS,13988191333
AGNALDOAPARECIDOFRATUCCI,16997887047
SYLVIOROGERIOGERAES,17981664567
IVANANTONIOBARBARACAMILO,16993293376
WALTERSILVALAPADOSSANTOSJUNIOR,279993585
MARIANOGARCIAESCALERAFILHO,12991511991
CAMILAMARIETACARDOSOGUTIERRI,51998079788
LUIZWALTERQUAGLIAFILHO,14982004083
ALLANSILVAGOMES,11997809162
CLOVISRAMOSVIANNA,51996221298
JOSELUISCARRARA,15997588663
MARCELODOSREISDIAS,35999287907
DENILDEDESAOCIRILLO,1332354346
DLCHAVESLTDA,51984494478
ALMENDESDOSSANTOS,64984476566
ROGERIOCARLOSORTIZ,1697159938
PEDROLUIZNASCIMENTOPINHEIRO,53984433902
VALDIRPEREIRADOSSANTOS,15996517566
LUFATCOMERCIODEFECHADURASLTDA,51993654047
BRUNAVIEIRAALECINIASFONSECA,13997820051
RODRIGOFONTESANTAS,83996076891
MARCELODEDEUSDECAMPOS,499911460
PATRICKMARTINSZABOSKI,51991274091
RAULSOARESDIAS,38997410419
EVANDERALVESDACUNHA,53984362072
MARCOANTONIODEJESUS,37999515229
JULIOCESARVITORDEAQUINO,33991111140
ANDERSONALMEIDAGOULART,51980191040
RONILDOCOSTANUNES,98984985007
ALEKSANDRODASILVACASTRO,94991681450
WILLIANPABLOTEODORO,16991582192
JOSECARLOSDEARANTESPEREIRA,35999516210
JOAODOSSANTOSCANDIDO,16999505420
FRANCISCOVERASDOSSANTOS,86988188894
VANDERLEYENEDINODASILVA,83991305111
LEONARDOGOMESANDRADE,33988254118
INACIOALVESFERREIRA,83999002277
JOSEANTONIODEMATOSDELUCHI,54999410222
JAMESLOPESPACHECO,63984167071
TAMIRESRIOSHOLANDA,67999886519
SAMUELSOUSASILVA,98991281622
ALIPIOOLIVEIRADESOUZA,18997811683
MAINASCHROEDER,47984488275
DANIELPAIVALIMA,61984830611
TIAGOAUGUSTOMOURA,99982506959
RAFAELCRIVELONELEONARDI,119749240
ADELARAUGUSTOTEIXEIRACAMARGO,5195173167
CARLALOPESPIUNTIMANTARRO,15981817082
DAVICAMARGOLIMA,15321763
EDUARDODESOUZABARROS,83988872642
ELIANAAPARECIDAROSSIGNOLLISILVA,14997966688
VALDEMARFERREIRAFLORES,997006144
LEANDROMACHADOFREITAS,6681312192
LUCASMACHADOPANTOJO,15991606295
EDILSONFRANCISCODEBRITO,16994567442
MARCOSAURELIOLAPPE,54991370589
ANDRERIBEIRODEOLIVEIRA,11985322275
GILBERTOMOREIRARIBAS,51998428450
LUCIAMILOCHDASILVA&CIALTDA,18996929147
GERALDORIBEIROFERNANDES,3387172064
FABIONUNESNASCIMENTO,86981818241
GERALDOALEXANDREPRATAVIEIRA,16999751194
JOSUESERAFIM,35999203549
WELLINGTONPONTESDEMACEDO,479966099
JOAQUIMDESOUSAAMARAL,86981350262
VALDIRBARBOSAMACIEL,6899459030
WELLINGTONWAGNERNOGUEIRA,33988937419
CESARLUISLIPA,67981127893
ADEMIRSOARESDEOLIVEIRA,16997391695
VINICIUSPROFETACAMILO,15991092898
LUCIANOSANCHESMENEZES,18998252712
JOSEGILMARDASILVA,99991283636
CLEIBSONADRIANOLEMES,15997009680
NELSONDEMATOS,4796032541
ARNONDASILVACRUZ,38999819110
PAULOSERGIOROSADASILVA,5196775763
JOSEPINHEIRODASILVA,54981008092
ROMULOCARVALHODESOUZA,89994018039
CLEYDISONFERREIRALOPES,3391334446
MARCONECAETANOPALMEIRAGONCALVES,81986473966
RODRIGODASILVAGUIMARAES,99912475
AVELINODESOUZAESILVANETO,61999857447
JACKSONCOIMBRAFLORENTINODELIMA,74999376616
MAURICIOTEODORODASILVA,16993023908
PEDRODIASOLIVEIRA&CIALTDAME,51999831660
ANSELMODANTASDOCARMO,819710051
JOSESILMARIOALVESDASILVA,83981027502
JOSILENEDEISEDEOLIVEIRALADEIRA,32999697494
DALMOPEREIRADACOSTA,33998520386
J.PIRESDASILVACOMERCIOESERVICODECHAVES,699923299
JOAOMARCOSMARTINSGUIMARAES,65999441023
MAUROREISDESOUZA,24988044703
ANTONIOFALEIROJUNIOR,5195677956
ROBERTODIASFERREIRA,68999734294
JANIDEOLIVEIRA,4991573834
ALLANMAURICIOROSADESOUZA,51999136982
CALVETECOELHODOSSANTOS,53999546224
EDSONFERREIRADEANDRADE,47999474597
MILENELUCHETADURANTE,54984288447
WELLIGTONSILVADAROCHA,94991647803
EDUARDOPADILHAALVES,47988884672
JULIOSARACOLDOMINGUES,53999752468
NATALICIOMATOSSOUZA,77999323837
DIOGOADELINODASILVA,1438841669
MOISESALVESDOSSANTOS,82991653667
DIOGOBERNARDESDERESENDE,33991360869
DIEGOVINICIUSDOSSANTOS,31980262933
AILTONMARTINSVIEIRA,33988765733
ATILIOROMANORIBEIRO,16997102197
UADSONBARBOSADEQUEIROZ,71992395299
LINDOMARBATISTARIBEIRO,99981651904
DHIEGOCAMARGOZIMERMANN,6933228669
JOAOLUIZVALENTEXAVIER,53984430514
CLEYANDERSONDEPAULAALVES,3591039457
RIVALDOVALERIODESOUZA,81999840390
ALDINEIDESOUZAARRUDA,32998156288
CASTANHEIRADASERRASOLUTIONLTDA,9492343232
RONALDOALVESDOSSANTOS,13997346098
GLAUDEMIRPEREIRASILVA,98984459065
SPEDOECOSTALTDAME,16997139018
FERNANDOBERNARDINODOSSANTOS,63984284900
MARCOSANTONIODEALMEIDADASILVA,17996126205
ADAUTOGONCALVESROCHA,15996270890
TRANSAMERICADEHOTEISNORDESTELTDA,7336861568
WELLINGTONGOMESDOSSANTOS,24999589611
LUISHENRIQUECARDOSODEFREITAS,5198491999
JORGECONCEICAODOSSANTOS,5132275724
VALDEMARVISINTAINERRIPOLL,34113177
FABIOFELIPEDEFARIALUCIO,1282282245
PEREIRASESQUADRIASDEALUMINIOEVIDRACARIALTDA,1491679222
EVANDROCESARPEREIRA,12997813009
JOSEROBERTODACOSTA,35991446518
SOSCHAVEIROSLTDA,51866851
ANTONIOJOSECOELHO,31987936635
ANTONIODACONCEICAOALVES,93984058515
RAULMUNDOBARBOSASIMOES,81988952906
EMIVALDOGOMESPINHEIRO,63992115195
GABRIELADEOLIVEIRASILVAMAIA,17981771125
MARCELORAMALHODINIZ,13997189080
JURANDIRGUILHERMINODESOUSA,8632186371
VALDEMIRLUQUES,11943820231
MARCOSSILVADOSSANTOS,7399830917
MARILIAMARIADEMELLO,19992691330
PALMERALMEIDADOSSANTOS,69984497790
GETULIOVARGASPINHEIRO,35991804549
THIAGOPEREIRADOSSANTOS,7734810958
ASTIRFONSECAHAMMES,53999829341
LUISEDUARDOPRATESTERRIN,14997851244
JOAOANTONIOFURTADO,91993689671
JOELFERREIRAVERISSIMO,63999726684
CLAUDEMIROLIVEIRADESENNA,53991036968
JAILSONCORDEIRODASILVA,87981158768
JACIRLEYDEABREUFRANCA,31999381183
ROMERSONCECILCANTUARIADAPENHA,96999093438
RENATOALEXANDREXAVIERDASILVA,16997321531
MARCOSPAULODINIZ,73880805
ALINEGOMESDASILVALOPES,17991761522
ROGERIORAMOSMAURER,999808050
LEONARDOMOURAMENDESDEOLIVEIRA,14998306288
FABIANOROCHABEDIN,47992721544
HUGOLUIZDASILVASANTOS,31985383414
ROSELIBRAGANUNES,19981803435
WILTONGUIMARAESMIRANDA,5391310228
ROGERIOROBERTODEPAULA,33999580476
MEFMATERIAISDECONSTRUCAOLTDA,31986667675
CLEBERJOSEDEOLIVEIRA,15981783247
OSVALDODEOLIVEIRAALVES,6699987641
AGUIACOMERCIALIZACAOIMPORTACAOEEXPORTACAOEIRELI,81992572939
JOSERICARDOJAIME,17997378383
JONATHANALMEIDASANTOS,7187150741
CARLOSROBERTOSILVA,61992909041
RAIMUNDOALVESDASILVA,89988069669
NELSONADJALMARIOSDASILVA,6798118814
ADALBERTOMOREIRABARBOSA,38991140072
JOSERICARDOMACIELPEREIRA,49998103218
FRANCINALDOLOPESDASILVA,86994364978
RODRIGOFARIASMEDEIROS,48999642323
DANIELSILVAMORAES,67992976377
VALDERIPINHEIRORODRIGUES,94992828326
PAULOCESARDESOUZA,17997039884
REINALDOVENTURA,47984077673
NOELANTONIODASILVA,679991507
ELIASEMILIANODASILVA,67992095816
OTAVIOMACEDODEMORAESJUNIOR,74999763828
DIEGOGOMESFERREIRA,18991421950
JOFLAVIANCOPIASESERVICOSLTDA,32999900
ANTONIONASCIMENTOVEREDA,74988537694
PATRICKJUNIORHILARIOPERRUD,18999619364
ISLANEBARROSDONASCIMENTOSILVA,99985053844
TKOASSISTECLTDA,12991406876
JOHNNYMELODASILVA,54999127680
MARCOSDIASDEALMEIDA,199995288753
ANIBALFERREIRAFILHO,16991731868
DEBORAHELOISAMUZARDODEOLIVEIRA,14982196363
FERRAGENSJACIRLTDA,49988616085
JOSESILVA,27998948505
LUCIANETEIXEIRADASILVASOUSACHAVEIROS,94991827177
ADAILTONRAMOSSANTOS,73999920441
DIEGOPEREIRADACRUZ,87996149927
IVANILTONDEJESUSCAMARASILVA,77988463343
ADRIELSONDOSSANTOSDASILVA,96991979319
JAMESBORBADEAZEVEDO,49998101300
LUIZCLAUDIODESOUZA,83993324392
ANTONIOCARNEIROMAJURUNGA,92994938471
JACODELIMA,6696354940
PAULOHENRIQUEMARTINS,19999430802
CIRINEUCAMILOJUNIOR,3599783481
WILLIANRUISBARBOSA,16992619720
VITORSANTOSSOARES,98984904618
ROBERTADAIANEANDREIAALVESDASILVASOARES,11941662466
MANOELMESSIASDOSSANTOS,11947838994
ALANMENEZESDOSANJOS,7788089309
DENISSONNASCIMENTOMELO,71992943186
JOSEEDUARDOFERREIRA,24988771270
ROBERTOAPARECIDODEOLIVEIRA,18997812147
VALMIRFRANCISCOGOMES,15998288311
ARISTONBEZERRADASLVAJUNIOR,63999764345
LUIZFELIPEDACOSTASOARES,12996730187
EUDESSILVASANTOS,949917072
PEDROALFREDOGOMES,61998471931
WELBERTMORAESDEARAUJO,65999492351
LUISCARLOSGOMESFERREIRA,11970541921
EXPEDIDOFURTADO,88992050403
ESTEVAMLUIZTRIGUEIRODAROCHA,84988514248
ERSONFERREIRADEMORAIS,16993285057
MARCOSUEBMACHADO,32988276462
WASHINGTONBATISTADEMOURA,7788612647
E.F.MACIEL,68999108907
MARCELOAPARECIDOBERNARDES,16982109306
LUISFERNANDOLEONEL,16992787743
OLENIVOFERNANDESSOUZA,74988096027
ROGERIOANTUNESDEALMEIDA,16997075629
MAURILIASILVAOLIVEIRA,73999854428
CATIELEANJOSDESOUZA,7781150308
VAGNERPEREIRADESOUSA,86995040047
ROBERTODEJESUSJOAO,73999598765
RFPENADOSSANTOS,9293588488
EDMILSONGOMESMIRANDA,69984072363
MAURARIBEIRO,38998612306
IRENIOJESUSDOSSANTOS,7381148019
ANTONIOBEZERRALIBERALINO,97991750464
MAURICIOAZEVEDONILSON,5191905021
AGUIACOMERCIODEFERRAGENSEPARAFUSOSLTDA,73999711862
ZAQUEUDASILVA,6599137211
ROBSONCESARNUNESDEOLIVEIRA,12997050929
CHAVEIROSUPERTECNICOLTDAME,3899261144
ALTIVOJOSEPINHEIRODOSREIS,38998427170
ELDERRAMOSDEALMEIDA,35999305003
CLEISGOMESDOAMARAL,67998961527
CLOVISDEMORAIS,549916199
ALANFLIXISDASILVACOSTA,98982408233
REGINALDOBARBOSA,67981667505
CASAMACARILOCACOESEVENDASLTDA,14998567572
MARCOSTEIXEIRASILVA,98987221207
LUCASVITORMONTEIROGONCALVES,91985434102
LENICEGONCALVESDESOUZA,33988650866
RAIMUNDOFURTADOFIGUEREDONETO,98982449729
CLERIONESTORROHRIG,51986080072
OZENILDELUSTOSAPESSOA,99991815840
JORGELUISDEOLIVEIRA,24992320607
LAURIMARQUESDASILVA,999672450
PAULOSERGIODEOLIVEIRA,69999696896
REGINALDOPASTRE,35988288610
ATHAILTONCARVALHODOSSANTOS,7399854035
IZAIASNUNESDASILVA,98984634800
MARCOANTONIODASILVA-OCHAVEIROME,48999969166
ELETROCHAVECOMERCIOEMGERALESERVICOSLTDA,14998253986
WELLINGTONFRANCISMACHADOFARIAS,98982048826
CENTRALCHAVESLTDA,48999362778
CARMOAPARECIDOLARA,14997818114
ROSEMARYVASCONCELOSBRAGAEFRAGA,7332812648
WILLIAMMARIANOANTONIODASILVA,11959644580
SEVERINOLUIZDEMIRANDANETO,32999625014
SILVIOEUZEBIOSANTANA,16994501821
CLODOALDORIBEIRODASILVA,66999460691
ANDERSONCESARBARBOSA,38991501377
JOSEANTONIODEFREITAS,34992010433
DIONEDEVETTEPETZOLD,33988120130
FRANCISCOCANINDEDASILVA,84988410235
RENANJUNIORRODRIGUESSACRAMENTO,91984786116
VERALUCIAPINTORODRIGUES,22988373803
CARLOSALBERTOCASTROREIS,63981388864
ELIELFERNANDESDESOUZA,84996140901
EDSONLUIZSALOMENNADER,169812314
E.C.VENTURINI&VENTURINILTDA,11999360505
RELOJOARIACANTONLTDA,4999125949
MONIAMARRECOSOARES,92992121874
FRANCISCOBRAZNETTO,19991308
JOSEROBERTORIBEIRODASILVA,1437651587
FRANCINETOROSADEJESUS,89956023837
FRANCISCADASCHAGASCOSTADEARAUJOMACHADO,9888766774
COMERCIODEGASCONFIANCALTDA,49999286900
GILBERTOCAETANOMOURA,16991306094
CHAVEIROMASTERLTDA,94984127996
FRANCILDOMARAVILHAQUEIROZ,83996637916
RENATODOESPIRITOSANTO,17981161936
CARLOSVICTORDASILVA,9189698030
ELIELDEOLIVEIRACORTE,69984181571
JOSENERISDESOUZACHAVES,69984589386
EMANUELAMACIELSAMPAIOSILVA,6899232847
FABIOSOARESDEOLIVEIRA,11947200564
DALVIROACIOLIRODRIGUES,996347728
GENIVALDODOSSANTOSANDRADE,75999090468
ROBSONNEVESSIQUEIRA,35992223613
MARKSONCEZARDOSANJOSSILVA,81999316073
OLIMPIOGUEDESJUNIOR,1434338335
GEDEIRMACHADODEMORAIS,81984053800
MARCELOLOURENCODOSSANTOS,87996474645
MACIELS.DEOLIVEIRA,9591122171
MARCELODOSSANTOSDEALMEIDA,5381247474
DARCIALVESCORREA,53999675643
EDINALDOFERNANDESDASILVA-CHAVEIROS,6392173907
TELMOJESUSDASILVARODRIGUES,5332321711
AADECASTROEIRELI,94992562111
MANOELCARLOSRIBEIRO,33999111811
JOSELITOOLIVEIRACOSTA,83988856578
DOUGLASVATANSILVA,35991750735
SORVETESROCHINHAINDUSTRIA,COMERCIO,IMPORTACAOEEXPORTACAO,12981423445
EUDESFERNANDESDASILVA,84988213507
PEDROEDUARDOGOMESESTEVES,6796016880
ALTAMIRGOMESDASILVA,81996737720
JESSEDIASDEMORAES,17991831140
TELOSSALEMDECASTRO,3588644599
NATANPAULODASILVASANTOS,739985028
JOSEROBSONALVESDASILVA,84987066620
ALEXDESOUZAFONSECA,38991054475
JOSIANEDASILVARIBEIRO,48996602626
FRANCISCOERICKMEDEIROS,84994627138
MARIASZOSTAKPRUSSAK,47991112266
AMARILDOCAETANOPEREIRA,18997470564
MATEUSTOBIASBELELIGARCIA,16991041318
FAUSTOROCHALELLES,33988866243
TIAGOLIMADOVALE,18997461942
TIAGOFRANCESILVADELIMA,82981325436
AFONSODEJESUSCIRQUEIRAPACHECO,98989112637
MARIOLUISTEIXEIRA,14997211900
JOSIWOLFFYVIEIRASANTOS,94984094459
JOSEPAULOCARDOSO,48996159099
DEBORACARVALHODASILVAPINTO,14981140896
PAULOSANTOSDASILVA,7491082141
ALEXANDRETHOMAZ,48999715087
MARCELORIBEIRODEOLIVEIRA,35988513271
ANDRELUIZFERNANDESDEMOURA,63992151503
ILSONLEONTINOBOCK,991580408
MANOELSOUSADASILVA,9887483386
SILDOMAROLIVEIRACABRAL,95991219334
ROGERIOLINO,16992606507
LUIZAPARECIDOMOLARI,14996771200
CHAVEIROSANTACRUZLTDA-ME,1691327266
IRAMALVESDASILVAJUNIOR,9492177890
IVONETEMARIADEARAUJO,6133270548
JAMILTONNOGUEIRASOUZA,33988936187
GILBERTOANANIASPIRES,51999756561
ELSONKINDLEIN,47999533865
BENJAMINANTONIORAMOSAZOCAR,95991736585
ANTONIOBATISTAROCHA,67992216420
GABRIELSILVASEDLACEK,66990797575
CARMENCELIAARANTESGONCALVES,16999977599
CLAUDEMIRDOSSANTOS,6999230711
FERNANDODASILVA,67962990
CLAYTONJOSENUNESNORA,17997377889
APARECIDOSCARPIM,14996863098
THIAGOMAIA,96991121201
WELLINGTONLUISMARCONI,14999877380
LIRIODESOUZA,68999064138
JOSEMARIAFILHO,12981612121
GILDENIRSALESDESOUZA,65992037804
ADAONOGUEIRASENA,93991252731
ANTONIOPAULODEALMEIDA,18981841431
ROBSONLUIZBRAGADASILVA,67998601450
JADIRALENCARRUSSOJUNIOR,77998221165
DONIZETEDESOUZAPASSOS,67981154451
MARCOAURELIORODRIGUESDASILVA,999910392
MARCIACRISTINAMARTINIROSOLEN,18996837963
DIEGOCARLESSO,51999625715
OSVALDOAPARECIDOFERNANDESDEOLIVEIRA,18996599680
RENATAAPARECIDABARBOSADEARAUJO,14997991385
VINICIUSPINHEIRODESOUZA,14996032161
EZENILDODOSSANTOS,7381024827
WAGNERRODRIGUESDALUZ,16997745086
SEBASTIAOSOARESDECARVALHO,66996195312
IVANILDOMANOELDASILVA,82999268560
RONALDOPEREIRADASILVA,73988033014
JUAREZGOMESDEFARIAS,8191263080
OSMARALVESGOMES,99991820158
JOSEALVESDOSSANTOSFILHO,74988223218
JOSEALEXANDREFERREIRADASILVA,91993773325
CARLOSALBERTOANDRADEBRAZ,87988274912
ERLITONDEOLIVEIRAMOREIRA,73981590441
MARIOBENDER,51998738418
ALANRICARDORIBEIRO,1733243217
HIPERCHAVESCOMERCIODECHAVESEFECHADURASLTDA,5135827327
DOUGLASFRANCISCODEAMORIM,34996984125
SEVERINOFERREIRATEOTONIO,64996603231
RONILSONALVESMENDONCA,98985099872
JHONYBRASILDEBARROS,69999881297
MARCILENECASTRODANEVES,38991120062
EVALDORODRIGUESDASILVA,32998202577
WALACEARAGAODASILVASANTOS,73988472786
ALOISIOANGELOFERREIRASANTOS,33999722826
ALESSANDROCENTELHADOSSANTOS,1597281917
ELYCARLOSGONCALVESDEOLIVEIRA,7381771684
MAYCKDOSSANTOSDUTRA,94991746222
DARILDOSALESDOSSANTOS,27996068100
ALEXFERREIRADESOUZA,9299741395
GILMARREINSTEINSILVA,999840569
CASADASCHAVESSERVICOSECOMERCIOLTDA,95991646650
GIOVANAMARIATARTAROTTI,49999572440
VALQUIRIADIASSIMOESDASILVA,749911589
JOSECARLOSCAMPOS,33988745005
JESUSVICENTEDASILVA,17981367321
TASSIANEBORGHESAN,66984085301
NILOSIQUEIRA,22981390832
SILVIOMARTINS,15988012748
ADRIANAFLORESBOTTON,999904153
ERIVELTONALCANTARADEOLIVEIRA,74999987219
RENEEPEREIRADACOSTA,84996359781
WALLISONFERNANDESANDRADEAMORIM,98988883832
RICARDOLUIZLUCIO,679998339
JOSECABRALDEMELO,82999149448
MAXBELTRAOLODDO,92993287070
NILVADASILVAPEIXOTORAMOS,28999824083
CRISTIANORODRIGUESFERREIRA,5198063633
MANOELIZAIASSOARES,38991857029
MESSIASLOPESDOSSANTOS,16991627279
LINDOLFODONIZETTICORREADASILVA,18954152294
FILIPESANTANADONASCIMENTO,87999471668
MARCELOCONZATTI,5434622044
AURELIANOPEREIRADASILVA,67992616968
IFPSINDUSTRIAECOMERCIOLTDA-ME,51996083264
ALIANCACOMSERVCHAVESCARIMBOSARCONDICIONADO,66996185117
JOSEGERALDODUARTE,31982478677
MANOELMESSIASCARNEIRO,88996104285
LUIZFABIOSOUZAFARIAS,94991806803
PATRICIOSANTOSDEJESUS,75992068744
CRISTIANOPEREIRAALMEIDA,16992251256
OSMARJOELDACUNHABORGES,5384185621
JOSEDOSSANTOS,14996144756
JASSONTRINDADEDESOUZAALMEIDA,97991813327
LUCIANOBRITODEOLIVEIRA,77988332860
ADRIANDODESOUZA,51997526866
JOSEFERREIRAJUNIOR,19998187450
MARCOAURELIOCRUZSILVA,87988223904
MIRIANCANDIDODOSSANTOS,69992500023
PECARDOSOFILHOME,86981378717
NIVALDOSOBRALBEZERRAFILHO,8399095845
MARCOSSILVAARAUJO,6392675040
GERSONFARIASVIEIRA,93991231307
SERGIOCAVALCANTIMACAMBYRA,16982015007
EDUARDOMOTTAJESUINO,48998267163
JOSEREYNALDOSARTORI,14991646371
NILSONFRANCISCODEMOURA,69984770705
GLEICESUELLENNUNESDEALMEIDA,1633417852
PAULORICARDOGUIMARAESCOSTA,53999782062
DEUSDEDITHVASCONCELOSROCHAJUNIOR,88997762161
BRUNOJANDUHYDEOLIVEIRAPONTES,81991675672
ROGERIOSARAIVADOSSANTOS,81991629413
JOSEELOIRPEREIRA,49330407
HELIOAPARECIDOMORENO,13981392322
GILMARANTONIODACOSTA,67991277220
ANTONIOALVESDASILVA,99982268498
MILTONSILVADOSSANTOS,67991365842
ANGELOBORGES,35991375297
CLAUDEMIRJOAOCANATO,169914051
SEBASTIAODEOLIVEIRAMEIRA,14997289905
ARLINDODEFREITASLUCAS,31996865658
FABIANAALVESDESOUZA,16991300491
AZUIRDASILVA,82991938752
ANAPAULALEITEBENITES,67998809040
GERALDOMAGELADASILVEIRAVALERIANO,33999151075
ALECSANDROPAIVADASILVA,13985364239
ELEOMAXCARDOSORAMOS,28999393167
SANDROJHEMYSONDESOUSAVIANA,99981054191
LEONARDOSILVADESOUZA,81996714230
SANDRODOSSANTOSSOUSA,24999763118
ITALINOAFFONSOPARIZOTTO,54999049835
JOCIELIOSERAFIMDEOLIVEIRA,27999881391
BENEDITOSOUSADOURADO,99984223701
DERIKLOPESFREITAS,92993833232
JARDANERAYANERODRIGUESMEDEIROS,87988131258
DALTONCORREIADAROCHA,8981081120
JOSEOLIMPIODESOUZASANTOS,6696846269
JOAOARAUJOCORREIA,87996222880
RAFAELVIANADOSSANTOS,96981245148
LUCYCONTIMIAGUCHI,1992400879
VANDERLEYDASILVAOLIVEIRA,11999087094
LEONYRODRIGUESSILVA,92981595990
ANTONIOMARCOSDASILVAGOUVEIA,92996030633
LUIZCARLOSMIRANDA,15998271699
EDILSONSOUSASANTOS,99991007048
CICEROREINALDODASILVA,6593070418
REGINALDODESOUZASOM,4784125609
ADORILMAROLIVEIRAARAUJO,99992157842
WILSONAVELINORIBEIRO,3788280614
JOSECARLOSSOUZAGOMESSAOJOSE,77981154509
VALDEVIALVESDEALMEIDA,61998645408
RONALDOGONCALVESDOSSANTOS,19994108995
MATHEUSMACIELMAGALHAES,3388161940
EVERALDOARAGAOSOARES,93981171227
EVERALDOJOSEDEPROENCA,15998356499
MARINESDESOUZAOLIVEIRADACOSTA,99569141
FRANCICLEUDODASILVAPINHEIRO,949922347
JOSCELIAMACHADODACONCEICAO,5432321502
LAINEREISDECERQUEIRA,7491475674
WINICIUSWEIGMANNDASILVA,4791439003
JOILSONSANTANA,7391911763
FERNANDOPINHEIRODAFONSECA,349966480
RICARDODROIQUESARAUZA,15996609592
FRANCISCOROBERTOALEXANDRE,14997064145
ALMIRRODRIGUESDOSSANTOSJUNIOR,2499266096
KASSIONASCIMENTOARAUJO,63992406478
MARCELOMORENOLOPES,169997046101
HAILTONANDRADESERRA,98991581497
ADEMIRFLORINDOVALENTE,47996530124
JOSEANTEROPEREIRANETO,919963605
MARCUSAUGUSTODAMASCENODOVALE,68999783913
CASADASCHAVESCANASVIEIRASLTDA-ME,48999679561
LEANDROMORI,67992034444
ALEOMARCOSRODRIGUESDADASIILVA,31332887
BRUNOGOMESDASILVA,7799976401
JOSEROBERTODEOLIVEIRAVIEIRA,81992367105
HILDEBRANDOPEREIRADASILVA,86981506614
DONIZETIACACIODASILVA,3599446611
CLOVISPEREIRADASILVA,28999257935
CRISTIANOFERREIRADEOLIVEIRA,35991834770
ELIANEDEMELOGUIMARAES,91991514344
HUDSONGONCALVESRODRIGUES,27999080091
WASHINGTONOLIVEIRADASILVAJUNIOR,73988162993
JORGEADEMIRPEREIRAGOMES,5196987676
GRACIELIASERPAFERREIRA,69993034136
LUIZCLAUDIRBORBADALUZ,991629254
MARCELOCALCANHO,18981919016
LUISHENRIQUEPEDRO,16992206028
SERGIODEJESUSSOUZA,619858569
ROMEUROSAMACIEL,3299670010
CLAUDIADASILVAARAUJO,95991574485
OSVALDOLUCIANOLUIZ,3299179685
RONESMORENOAMBROSIO,66999025424
JURANDIRVIEIRADESOUZA,63992764084
JULIOCESARCAVALLARI,1497040323
SOLIVANDIASPAZ,6392813042
JAIMILSONMIRANDAGOMES,93991211592
REINALDOMARQUESSACRAMENTO,15997125416
GONCALODONIZETIDESOUZA,16991908964
JOSEWANDERLEYFERREIRAGOMES,98981144346
DANIELJOSEDEMELO,7136443086
WALLACEDEABREUSOUZA,35999761923
SIMEAODEASSISCASSEMIRODOAMARAL,15997795025
DANIELSOARESDEARAUJO,84999457078
ANTONIOALEXANDREDOSSANTOS,3591097951
LABERBERT,12997457643
CHAVEIROSANTOSLTDA,13997751482
MAYARASOUZADEBRITOMACIEL,6692027981
NIVALDOANTONIODEFARIA,37997124304
ANTONIOALVESDESOUZA,15991529194
RICARDOLUCIOLOCIKS,13997587952
ROBERTOTENORIOCAVALCANTE,18981289610
FABIOFARIACAMARGO,16997125903
WILKEMMEDEIROSPESTANA,98982663237
ROBERTOBARBOSA,6798441997
WILLIAMCOUTINHOPATRICIODEMEDEIROS,27981133077
EMERSONGOMESFERREIRA,13981677461
GERONCIOTAVARESDAROCHA,89988182349
ANAESTHERTRINDADEDASILVA,92992363300
JOSERUBENSTIRITAN,14997631092
ANTONIELALIMADOSSANTOS,73999923758
JULIODASILVALIMA,92981757082
GENIVALDOMACEDOCARDOSO,6199527989
HELIOANTONIOBARBOSA,49999727593
EVANDROWEVANNYPEREIRADEARAUJO,82999366144
DECATILONCARVALHONUNES,98986045060
CHAVEIROMENGUELTDA,5499445456
DIANORCDESOUZA,996863493
LEUDOMARTINSDASILVA,68992282545
EDISSONBATISTADESOUZA,77999328039
ERALDOBRITODESOUZA,92988013934
GILBERTONINAUSME,984282996
JCRODRIGUESDASILVA-ME,5191586063
ANILTONLIMADEARAUJO,27998503842
JERRYADRIANOBOMFIMMOTA,7399532889
MANASESFRANCISCODEALBUQUERQUE,11953471200
CHAVEIROESQUINADOKIBOMLTDA,3233711977
PAULINOJOSEMANTOVANI,5191078811
VERIDIANOSIQUEIRADEMIRANDA,8999402666
EDIVALDOVARGASRODRIGUES,6781462380
WILLIAMEDUARDOFERREIRA,11996331514
ROSEMBERGBENTESDESOUSA,95981147102
S.O.S.CHAVESDEMARILIALTDA,1433014940
RICARDOALEXANDREPIANEZZER,47984379424
AILTONLAMENHALINS,82987272134
LUIZCARLOSTRINDADEALVIM,33984344489
JAILSONPORFIRIOFERREIRA,14988076085
MAURICIODASILVAVIEIRA,99120500
WILSONDOSSANTOSOLIVEIRA,33988090188
PAULOCOSTAAGUIAR,27998101869
EDUARDOLOURENCODEBARROS,83987004481
JOAONEVESDASILVASOBRINHO,35999430319
JAZYMOREIRADESOUZA,389914374
MVDOSSANTOSCHAVEIROS-ME,73981832180
NEBEREDUARDOSANDOVALDEOLIVEIRALEITE,1693218221
JULIOCARLOSSANTOS,9881240130
PEDROARMANDOCARDOSO,15996320197
JOSEADAILTONGONCALVESDOSSANTOS,7182970061
DIVINODESOUZACLARO,69984333237
NILSONROCHAESCANEZ,479998367
CLARONELSIMENEZES,5195041639
DEBORAARAUJONOSETE,16997738282
EDUARDORIBEIRODOZOLCOMERCIODECHAVES,48999638863
ROBERTOGONCALVESFERREIRAALVES,75998004717
JOILANSANTANAMOURA,99991852895
NEVANILDOMASCIMIANODASILVA,87996576169
FRANCISCODASILVA,65981238956
LOURIVALCHICODASILVAJUNIOR,38992569344
NILSONFERREIRAAJALA,67999963843
ROBERTOCARLOSMORETTI,18997466831
CONTAMIGOSORGANIZACOESLTDA,68999465324
EDNALDOFERREIRADASILVA,83988841542
JARDELDEVENTIERRIBEIRO,5332293580
JAISONJACQUES,4791718246
TAMIRESDONASCIMENTO,24999442546
LUIZFERNANDOMACHADO,53981280367
FABIODOSSANTOSMEDEIROS,15981793907
SIVALDODASILVAFILHO,7791480387
AGELEUDEJESUSFIGUEIREDO,8293156119
LUISHENRIQUESILVADASILVEIRA,51999745273
EBERSONALEXANDREAMGARTEN,15997777561
JORGELUISCORONAJUNIOR,27999785396
MARCELOJOSEKRAUSSME,47999059990
JOSELUIZDESIQUEIRA,12997714944
EDSONLUIZFERREIRA,4291038890
ERIVELTONVIALLE,18981576149
CHAVEIROJANLTDA,38999692036
MAIQUELDAROSACORTES,984464920
NERONBENEVENUTITALHAFERRO,49999946440
LUIZAUGUSTOSALCEDOMENDONCAME,53999752141
JOCELINOLEONELKREWER,984260241
JWDECARVALHOMOUSINHO,8694387238
ELCYMENDESDASILVA,6199836814
CELSORICARDODASILVAFRANCA,16999692254
CHAVEIROJCALTDA,47996870475
RUFFATO&CIALTDA,54999745091
TAVARESCHAVESEFECHADURASLTDA,51981150717
F.MARTINSDESOUZA,9299836926
DANIELLACERDA,35999843304
HENDERSONDEGODOI,35988023492
MARIOSILASARRUDA,14997091571
NIVALDOTADEUDESOUZA,99617481
GILMARANTONIODEPAULA,32999043574
DELSONPENAARJA,35991175194
TIAGOCOSTASILVA,16993469969
MAGNALUCIAFERREIRACOSTADN://,7499500517
JULIANOMUNIZPACHECO,63984549279
ROGERIOCANTUARIODASILVA,99981787198
LUISFERNANDESROSA,13997057015
IVONEGONCALVESDIASANDRADE,38991676252
MANOELEDSONDEMAGALHAES,95991231975
WSBSERVICOS&COMERCIOLTDA,6899693327
EDILSONFERREIRADOSSANTOS,11995035087
NELSONARIELGONZALEZ,51992228753
DIOGOGROSSIVAZDEARAUJO,14997217792
LUCIANOPINHEIRODASNEVES,5384124233
LUIZCARLOSSOUSALIMA,63999543883
JOSEPAULODASILVA,86998019988
BARTOLOMEULIMA,98988317276
EDVILSONG.DEANDRADECOMERCIO,99352422
JORGESOARESMACHADO,32711603
FRANCISCOASSISCORDEIRODOSSANTOS,87999599977
DEBORADOSSANTOSCUSTODIO,12996145801
SIDNEYREGISDELIMA,88996518028
OSVALDODONIZETEBARRETO,14997238473
MESTREDASCHAVESCONSERTOSECOMDECHAVESLTDA,48999725700
MINUTOCONFECCAODECHAVESESERVICOSLTDA,48999070320
ANTONIOCARLOSFELINTOTEIXEIRA,85991332708
FERNANDOANTONIOCDELIMAME,95999623418
MARCOSANTONIOPIRES,35999211369
FERNANDOJOSEDEOLIVEIRACOSTA,38991610749
ORGANIZACOESAMARO&SILVALTDA,47999893640
MARIACLAUDIARODRIGUESPINTO,15997753616
CHAVEIROCHAVECARLTDA,63984023704
MARCOSBENONIBARROSDACOSTA,95981028802
ELIVANIASILVADEALMEIDA,93968180000
JOSENILDOALVESDOSSANTOS,61996487000
FERRAGENSBRASILLTDA,2122234629
JAILSONPEREIRADEFREITAS,62999382022
LUISFERNANDESDELIMA,839985974
ANDREDEOLIVEIRASILVA,93992258362
JOSEEDVARDASILVACOSTA,93991883458
CLAUDINEIAMOREIRADEOLIVEIRA,32999201610
CLEBERSONDELIMACOSTA,87981265920
JOSECARLOSDASILVA,67992214782
RENIVAMSANTANACARMO,7499980943
JOSERODRIGUESDASILVA,63992011045
BOCADASCHAVESEFERRAGENSLTDA,48998456
MAURICIOPACHECOCARDOSO,51991484969
EDUARDOAMARANTECARVALHO,13997567760
ELTONDESENAMAGRI,16997496720
ILDOMAXIMINOBORTOLON,54999608791
OSMARELIASDASILVA,99618529
GASTAOJUAREZVETTORATO,981382813
EDSONBORBACHAVEIRO,999160980
ADEMIRTODESCHINI,519999952
ANTONIOCLEMENTEDACOSTA,379882776
ANDERSONTEIXEIRADEOLIVEIRA,24992168279
ALCEOCARLESSO,5199564041
ROLEMBERGDEJESUSCOSTA,73988277970
MARIAAPARECIDAALVESLARA,37999645330
ARNALDODEANDRADECOSTA,5484358997
AMAURIDOCARMODOSSANTOS,32984016016
ANDREIADESOUZAMORAESALVES,11998025812
HORALINASERAFIMDACOSTA,33988697493
FRANCISCODASCHAGASARAUJOMAGALHAES,96999110706
PAULOCEZARDEOLIVEIRA,77988243990
IGORVINICIUSPEREIRACARRARA,19994743021
COMERCIALJOTAMILTONRIOCLAROLTDA,19997840282
ERALDOGUEDESJUSTINO,83988368006
EVALDOJOAODASILVAMAIA,919920069
DEVAIRRODRIGUES,35998585748
FADESOUZALTDA,69984516004
SADHUSUNDARSINGHBARRETO,27999640520
EXPEDITOCORTEZDEALMEIDANETO,89999747146
JORGEADRIANOCORVELODEBARROS,9292435278
LUISROBERTODIAS,159979436
ADINALDODAVEIGAPINTO,9193599525
THIEGOMARTINSSOARESDEMACEDO,87381475
GESSESANTOSRIBEIRO,75991940911
JCEQUIPAMENTOSPARACONSTRUCAOLTDA,1637211585
MICHAELMACHADODASILVA,5381151407
RENATODASILVADRACENA,18996618378
MARCUSDAVIDBARRETODOSSANTOS,77988032105
JOAOEVALDODUTRAHELENO,32999903031
AGNALDOFERNANADESDEJESUS,66984397140
ADRIANIDONIZETTIBUENO,19994818840
ORLANDODASILVA,13992046635
BENICIOROLDAOSCHUASTE,48996480649
RAFAELGONCALVESGRUNAESILVA,37999198071
JOELMADESOUZAALMEIDACUNHA,2424717703
ERNANEGRIEBELER,49984011212
ISAQUEDOSREISSILVA,16997047711
BRUNOPEREIRADASILVA,63991112770
GILSONMORAISGOMES,6381423248
MATEUSGALVAOREBOUCAS,75926414
LOJASVALDUGALTDA,49999785843
AURELIODESA,49999750465
CARLOSALBERTODEJESUS,27999388976
GEOVANELOPESDASILVAJUNIOR,81991158780
MARINHOGONCALVES,32984317033
JEANAUGUSTODEOLIVEIRAESILVA,35999403330
ANTONIOMACIELDOSSANTOS,69984359389
JEFERSOMSAMUELZAZIESKI,159963465
ARLENEDOSSANTOSSERRAO,92991369624
JEANMICHELMELODEALMEIDA,77998417091
JOSELIRAFERREIRA,8187745647
EXPEDITOGALDINODESOUZA,84988076849
CASSIOAUGUSTOANJOSDOCARMO,65999068084
G.VECCHINI&CIALTDA,1934342865
RAIMUNDONONATORIBEIROPIRES,98981911266
VLADIMIRRIBEIROLEITE,84498070
OILERANTUNESDEMORAES,15997067765
DANILOREZENDECURCIO,6799533964
ABADIAAZEVEDONABHANCARDOSO,67992391243
GILBERTONELVODEMOURA,6734220436
GEOVANLIMASANTOSFILHO,33988489242
NEUSAAPARECIDAGILDEOLIVERA,14997428121
PHIDELIMA,68992024713
VALNEYDAVIDDOSSANTOS,33999640861
ISAIASOLIVEIRAREISOLIVEIRAREIS,35999924634
JASIELALMEIDADASILVA,99984380990
CDEOSANTOS,99991714290
GUSTAVOVALINHOSFERREIRA,19984070585
WELLINGTONVIANADESOUSAMARTINS,6192958024
DIEGOSANTOSDEOLIVEIRA,73991985689
CARLOSRENATOBORGESDASILVA,53999598913
IGORRODRIGUESDEOLIVEIRA,7481392536
FDEAPEREIRADOSSANTOS,69999879506
DEVALDOFRANCOPEIXOTO,62999424177
EMANOELNEZERANESILVADEOLIVEIRA,8198296617
ISABELEDASILVAESILVA,92993969498
VIASOLUCOESLTDA,359975145
GLAYDSONFAIALDEMORAES,22997028966
ANTONIOMARCOSFELIXPEREIRA,9292218893
FRANCISCOEVANGELISTADESOUZA,92991156154
WALDIRMULLERCHAVEIROFERRAGENSREFRIGERACAO&ELETROPECAS,47984282333
JORDENIRJOSEDAROCHA,27999222308
CAGKIIHL,6999744611
EVANGELISTAQUEIROZDELIMA,63999789820
LEONARDOLOPESDEBRITO,67991266704
SERGIOLOPESDEFARIASJUNIOR,32991946374
CHAVEIROJOAOCOLINLTDA,47999740245
PAULOROBERTOPIRANIDIAS,16981724975
PRA-JACOMERCIOESERVICOSEMCHAVESEFECHADURASLTDA,499883838
HAMILTONCAIXETADEARAUJO,64992297239
ENOQUEM.ARAUJOME,99981394877
IVONEMARIADACUNHABORGES,64992199782
HAROLDOFERREIRASOBRINHO,67999788067
EDNAMARIAMENDES,7399730338
SEBASTIAOFRANCISCOROCHAVIEIRA,32999209202
BASSOTTOEBASSOTTOLTDA,99633946
GENIVALCATARINADASILVA,84999829544
LAZARODEASSISPAIM,35988442331
REGIVALDODASILVA,8396531518
ANTONIOCARLOSDAROCHA,67999283443
ALVAROGOMESFILHO,73981853828
SEBASTIAORODRIGUESDASILVA,27997242535
RENATOMENDESRODRIGUES,84991654049
RICARDODEJESUSDIAS,51998477995
JORGEEDUARDOROLIM,84218130
MARIOLUCIOUMBELITO,32999894683
LUCIANOJOSERAMOSSILVESTRIN,169973834
NELSONGONCALVESDASILVA,6699042277
DREYSONROJAHNFIGUEIREDO,53984224068
ANTONIOCICEROALVESDANTAS,88997140898
CARLOSRUBENSAZEVEDOLESSA,15997111256
FLAVIOTAVARESDASILVA,83996886176
JMCHAVEIROSLTDA,35991074578
JOSEPEDRODAROCHAFILHO,1481040711
LEANDROPIRESDASILVA,11984913722
NERISIDNEIMARTINSDECASTRO,51999456827
JOSEJULIANOFERREIRAMACIEL,11730112
KEILLACARVALHOLIMA,9184466383
CLEIWILCOMERCIODECHAVESLTDA,49988963711
STURMERMECANICAAGRICOLAECHAVESLTDA,49998809
CLAUDIOVITORFONSECA,35984426829
EVANDROLUIZJUNGES,54999744724
GABRIELPAIVADAFONSECA,6992831926
ALEXFIGUEIREDOANDREIO,67999513278
JACKSONLEALGUIMARAES,92991952598
RENATOMELODESIQUEIRA,16991258579
SERGIOCARRERAAUGUSTO,139977586
SIRILOFRANCISCODEFIGUEIREDO,33991344539
WAGNERSOUSADELIMAECIALTDA,359913133
GERALDOSHOITIKAWAIRKRIOCLAROLTDA,19999164309
APARECIDODEPAULAGANDRA,389997345
FRANCISCOJOSEMARIA,33988143299
VALDEMIRMAXIMIANO,47991939162
WELLINGTONLEANDROAMANCIO,16992861531
JOSELUISPEREIRACHAVEIRO,4799730522
ANTONIOLEITEPEREIRA,83996829648
SEBASTIAOLUCASDOSSANTOS,67996382352
LEONILDOPEDROBAMPI,47997696780
IVANMIGUELDEMORAES,11997105999
ANISIOALVESDECASTRO,63991065813
JAILSONPEREIRADESOUSA,11982970634
LUIZCARLOSBOARO,47997907779
JOSEROSASALTODEPIRAPORA,15996703501
APARECIDORODRIGUESGOMES,1532663344
EDENILSONNASCIMENTODOSSANTOS,73988424597
FRANCISCODONIZETEDECARVALHO,6296511562
JOSERAMALHOPACHECO,33999053486
IRANDEARAUJODANTAS,9491657518
FABIANEJACQUESTAVARESPRAUNCHAVEIRAO-EPP,47999805970
DJONATHAMENDESPEREIRA,47996256720
EVANDROJOSEDEFREITAS,35999065289
ADRIANOVIEIRASANTOS,1334264615
MINASPAPELARIA&ARMARINHOLTDA,38999899891
JOSEHUMBERTOGRASSI,18997641017
JOAQUIMUMBELINOOLIVEIRACOSTAJUNIOR,71988415932
WILSONKATSUMIKUZUHARA,14996160706
VALMORGAMBIM,51998334642
FABRICIODAMATAENTREPORTES,15996722359
CARLOSAUGUSTOALVESNOVO,53999885321
MARIACECILIABARBOSACARDOSO,11995499964
MARCOSROBERTODOSSANTOSLIMA,1391232344
FERNANDOAUGUSTOCOLOMBOLTDA,17996496879
MARCIOCARVALHOTRINDADE,91991847742
ICHAVEIROECOMERCIODEMATERIAISDECONSTRUCAOLTDA,51985947342
JOSEEDERDAROSA,1597345493
FRANCISCOSALESDANTASDEFARIAS,84999051647
RICARDOALVESPINTO,6999193545
LEONARDOMARTINS--,35999779245
SYLVIODOSSANTOSCHAVEIRO,11996164960
MILTONVALERONGONCALVESJUNIOR,53981287665
GUSTAVOPEREIRADEJESUS,71988624560
JOSEAMARILDOAUGUSTO,35998350662
MAYCONFREIREDASILVA,13988240164
CESARMACHADODEMESQUITA,61992937544
ADALBERTODECASTROMORAES,339888351
DANIELPEREIRALEANDRO,83981719144
ROBERTOCARLOSDEOLIVEIRALOPES,53984221965
HELIAGREGGIODASILVA,54999428477
ALTINOERMESPEREIRA,33988164993
ALESSANDROBARBOZADASILVA,13991743920
RENATOMORENOLOPES,16997342330
ALBERTINOFERNANDESDEOLIVEIRAJUNIOR,33999059022
RAIMUNDOMORAISMARTINS,61992138986
LUCASRIBEIROCARDEALSILVA,35998058595
BARROS&PINHOLTDAME,65992431660
EDEMARDOSSANTOSDIAS,996329115
CHAVEIROPROFISSIONALLTDA,67999541333
MARINGACENTRODESERVICOSEVENDASLTDA,6733211526
CIRSOJOSEGOMES,67982226637
WALTERDASILVAGRANATO,13976624
FABIANASILVARAIMUNDOBARROS,35999138251
BENEDITOCARLOSRIBEIRO,14998194340
SAMUELCARMOSANTIAGO,71999868618
WILLIANBORGESDEOLIVEIRA,6699534909
EUGENIODASILVAFOGACA,6184946007
GIANCARLOWESLEYSANTOSCAIRES,38992376116
CARLOSROBERTODESOUZAREIS,3391362287
ANTONIOJARDELSONDESOUZAARAUJO,92994293510
EDSONNASCIMENTODOSSANTOSOUVIDOR,24999923281
DANIELDEJESUSCANTADEIRO,15997194606
WILTONWILLIANZUCHI,11999886261
GIOVANIANTONIODEBRITTO,4799957682
ADENALDONERISDOSSANTOS,73991360220
JOSEAMANCIODECARVALHO,17981423828
TEOFELOBRANQUINHODEOLIVEIRA,16999888050
FRANCISCODEASSISPEREIRA,88981128798
TERUELFERRAMENTASLTDA,16991742991
JOSEHUMBERTOTORQUATOSILVA,1838711372
ZACARIASPIRESDEOLIVEIRAFILHO,92995374104
GLAUCORIBEIROROSETTI,27998823956
HIGORKREINTRINDADE,54996584088
IRENESORAYAARAUJORIBEIRO,7581064929
BENJAMIMGUIMARAES,28999534001
DANIELBARCELOSREBUZZI,2781150968
PAULOCESARPRADO,16997349950
MARIOLUIZRABELO,12997903042
SANDROVELVELOCIMETROSLTDA,16994282036
JULIOFERNANDESFERRAO,991096596
LUISCARLOSSAPATADEOLIVEIRA,16991957353
CELIORAIMUNDONARDY,11997142347
JOAQUIMDOCARMOLIMA,17988179332
GILSONAUGUSTODEBARROSCHAVEIRO,15997820869
CLODOALDOFERREIRAFREITAS,95991473686
IVANILDOJASOQUY,996090518
GASPARCORREIASOARES,81999992613
LUIZOSVALDOMACHADO,4999631762
HELIOFRANCISCODELIMA,699812527
FERNANDOBRUXEL,51991169430
AMARILDOJOSELAZAROTTO,66996582567
ELIZEUA.DESOUZA,67984021678
ADAOJOAODEMELO,6599479724
SAUVINOBATISTADOSSANTOS,1935751614
ROBYWILLIGLESIASPEDROSO,33988164401
GILBERTOPEREIRADOSSANTOS,81991197788
ROMILDORUSSEVELOONOBRESILVA,38991132095
CHAVEIROIRMAOSLTDA,27999915793
ROSECLEIABETIOLARRUDA,4733710978
SERGIOAPARECIDOESPERIDIAO,17991344724
